"Academic.Reputation.Score","Citations.per.Faculty.Score","Employer.Reputation.Score","Employment.Outcomes.Score","Faculty.Student.Score","International.Faculty.Score","International.Research.Network.Score","International.Students.Score","Sustainability.Score"
"1",100,100,100,100,100,100,94.3,88.2,95.2
"2",100,92.3,100,100,100,100,99.9,95.8,97.3
"3",100,90.6,100,100,100,98.2,100,98.2,97.8
"4",100,100,100,100,98.3,84.6,100,66.8,96.7
"5",100,99.9,100,100,100,99.9,95.8,51.2,94.4
"6",98.3,94,99.4,83,98.5,100,96.7,100,94.4
"7",98.8,98.9,83.6,79.1,72.1,100,96,98.5,88.4
"8",99.4,93.2,88.6,100,76.5,100,76.3,81.9,88.1
"9",99.5,74.3,97.9,51.6,98.4,99.1,100,100,92.5
"10",100,99.9,100,98.7,20.5,92.2,92.4,63.9,100
"11",99.1,78.5,95.4,98.3,92.5,81.2,61.4,84.4,81.7
"12",96.4,68.4,89.1,100,99.9,96,83.3,70.3,99.9
"13",98.1,99.1,90.5,98,52.9,68.7,79.9,64,94.7
"14",98.4,92.1,92.3,93.3,15.4,92.9,97.2,99.7,90.4
"15",96.1,100,93.7,34.2,100,100,22.8,81,41.4
"16",99.9,45.8,99.9,99.9,100,89.8,85.8,78.8,99.2
"17",99.4,97.5,95.4,82.6,90.4,50.8,43.2,23.5,68.8
"18",99.8,100,97.5,94.6,64.5,16.7,52.5,57.5,79.3
"19",89.7,95.9,88.1,95.5,18.2,100,99,99.1,99.6
"20",96,93.5,87.7,88.1,11.8,99.5,91.9,100,99.7
"21",99.7,57.2,96,96.4,54.2,95.7,95.5,96.4,99.9
"22",98.1,58.7,96.9,48.1,72.4,98.8,99.6,99.9,99.7
"23",99.6,40.7,98.3,99.9,100,56.1,97.6,96.8,94.2
"24",73.7,95.7,97,60.8,99.3,69.2,100,72.7,80.4
"25",99.1,98.9,96.9,82.2,93.9,9.4,47.8,15.7,55.8
"26",91,94.4,67.1,68.4,77.6,100,66.1,80.2,78.2
"27",97.6,82.3,51.4,99.5,82.9,100,42.7,99,97.3
"28",87.3,89.4,59.7,74.5,100,64.4,98.1,91.4,84.6
"29",100,70,99.8,99.8,90.4,10.3,70,29.2,99.7
"30",100,84.8,99.8,97,36.6,43.4,89.8,24.8,91.2
"31",93.7,62.1,87.6,92.5,64,88.9,86.2,93.3,94.2
"32",95.4,49.1,98,71.9,53.8,93.5,99.7,99.4,92.3
"33",98.3,56.2,89.9,94.3,82.2,67,95.4,27.6,83.7
"34",93.2,92.8,70.2,43.9,34.9,100,78.5,93.3,87.4
"35",98.2,57,93.5,60.1,44.4,96.4,96.3,74.1,99.9
"36",84.6,98,59.9,19.4,92.4,100,65.6,100,42.3
"37",83.9,59.6,98.2,25,88.8,76.5,86.7,97.3,84.8
"38",44.8,93.8,99.6,90.3,97.3,98.5,76.9,98.3,72.5
"39",95.9,26.7,98.5,99.7,95.5,26.4,85.4,95,98.3
"40",89.5,61.1,82.3,34.4,64.6,98.8,99.2,100,81.1
"41",99,64.9,98.2,100,85.1,11.5,36.9,14.5,73.8
"42",88.4,88.4,75.2,61,9.6,100,86.8,100,71.8
"43",87.1,87,73.7,44.4,21.6,100,95,100,73.1
"44",73.8,97.6,95.7,37.7,66.5,97.7,74.7,26.5,51.5
"45",67.7,80.2,96.1,98.6,39.6,100,32.4,100,97.8
"46",98.7,49.3,99.1,53.2,94.7,14.9,57.3,20.8,88.4
"47",73,84.9,79,42.1,36.9,100,91.4,89.3,98.4
"48",83.8,70.3,60.2,97.7,98.9,48.2,79.2,44.2,78
"49",88.4,92.3,46.3,78.6,60,100,32.7,77.1,61.3
"50",84.7,72.4,89.8,49.6,84.5,88.3,22.7,33,43.8
"51",83.7,99.4,83.3,55.5,54.7,39.2,38.3,35.5,44.1
"52",71.2,99.9,75.3,60,49.1,46.6,57.4,98.2,47.2
"53",83.6,98.1,44.2,49.9,21.2,92.4,97.4,79.9,64.8
"54",92.7,51.4,83.5,48.5,46.7,73.3,94.4,37.7,77.3
"55",74.9,64.7,84.7,39.6,47.3,85.5,84.4,86.8,81.3
"56",89.9,97.7,88.8,41.8,66.2,22.3,10.6,11.6,14.2
"57",85.7,40.2,69.3,89.3,100,16.8,90,52.2,95
"58",93.5,86.7,83.2,70,8.9,9.3,79.4,11,77.7
"59",88.6,85.4,53.2,39.5,43.3,35.2,100,49.8,75.8
"60",83.3,99.1,42.6,50.3,53.6,100,5.3,91.4,31
"61",84.6,92.7,42.4,56.1,7,93.1,99.9,45.7,75.6
"62",89.1,74.3,50.4,17.7,49.6,68.1,94.9,51.3,72.5
"63",84,93.5,50.4,70,19.1,19,94,33.2,88.1
"64",85,86.5,70.8,66,7.5,11.1,76.4,49.2,83.5
"65",68.1,88.8,30.2,49.2,68,100,42,87.4,92.8
"66",81.2,32.7,96,28.1,71.6,52.8,79.3,58.9,93.4
"67",71.3,49,88,47.2,37.3,98.2,89.7,99.3,62.5
"68",81.6,61.7,40.8,94.3,19.3,100,64.4,91.6,99.6
"69",92.8,47,91.3,99.7,30.9,17.7,33.2,20,95.6
"70",59.6,99.9,27.3,29.5,86.6,100,17.4,100,82.1
"71",58.9,45.8,99.1,34.3,99.8,39.1,98.7,60.8,73.6
"72",56.2,98.9,44.6,66,16.5,100,90,99.8,70.1
"73",58.3,85.9,42.4,74.8,77.8,84.5,58.3,52,70.4
"74",45.7,90.2,51.1,56.9,66.2,93.2,80.7,68.1,96.1
"75",70.3,42.3,76.7,37.8,37.3,85.2,98.7,90,90.9
"76",76.3,31.8,70.7,26.7,41.7,96,90,99.5,99.5
"77",80,36.2,96.3,70.9,87.4,19.6,25,49.7,38.1
"78",59.5,53.3,89.3,29.2,27.8,97.5,86.2,86.9,97.6
"79",82.2,36.6,94,70.6,81,13.6,19.6,36.3,58.6
"80",81.3,62.7,89.1,23.4,55.3,28.6,26.7,13.2,58.6
"81",69.3,64.1,39.8,70.6,23.7,99.8,82.2,92.5,75.6
"82",51.5,71.4,51.2,32.5,52.8,96.1,97,97.4,82.7
"83",77.5,62.9,63,47.5,28.4,23.4,96.6,26.8,95.1
"84",67.5,38.2,75.7,29.5,41.3,92.3,96,83.9,80.4
"85",69.3,37.7,47.5,66,50.2,98.8,95.2,77.4,99.1
"86",92.4,29.9,82.9,89.7,19.2,6,90.9,2.3,96.1
"87",81.2,4.6,78.3,82.2,99.8,20.3,85.2,92.3,13.4
"88",78.3,38.2,52,19.8,99.7,52.5,89.7,50.4,42.6
"89",54.2,87.1,36.5,38.4,16.2,100,78.8,99.6,96.3
"90",43.4,95.3,57.8,30.1,9,96.6,79.7,93.6,93.1
"91",74.4,53,94.8,19.7,84.4,31.8,8.9,31.7,18
"92",59.1,52,27.6,75.2,89.9,100,87.2,53,80.2
"93",61.7,60.1,68.3,68.6,32.7,21.6,72.6,87.5,85.9
"94",96.6,2.7,98.2,68.4,39.8,8.3,84.5,2.5,88.5
"95",93.3,1.7,98,26.2,73.5,62.6,28.1,66.7,18.8
"96",47.3,57.7,67.2,22.4,64.9,98.7,51.1,100,92.1
"97",67.4,67.1,85.1,41.7,15.3,38.8,33.2,65.4,70.4
"98",80.8,71.4,51,21.9,4.4,62.8,84.9,43.6,60.1
"99",63.9,68.4,81.2,53.4,10.3,41.5,75.4,45.8,67.4
"100",51.6,98.3,75.9,13.4,99.9,33.8,1.3,2.6,16.9
"101",60.7,46.5,72.1,24.4,32.2,90,98.4,75.2,80
"102",80.2,37.4,47.8,73.1,61.3,30.9,83.6,22.8,83.7
"103",92.9,11.6,99.5,76.3,20.6,16.4,56.8,3.5,91.3
"104",58.7,46.9,52.3,24.9,54.7,84,96.1,97.5,76.3
"105",62.7,45.6,30.5,58.2,47.7,98.3,95.5,82.4,99.4
"106",49.7,78.7,93,23.9,5.5,49,63.5,83,53.4
"107",74.1,21.2,25.8,60.1,100,91.4,98.2,22.5,87.4
"108",66.6,80.8,31.6,26.5,32.6,57.1,95,21.2,83.5
"109",44.6,79.4,41.8,88.9,40.2,95.5,56.2,37.7,95
"110",48,50.2,74.5,24.1,35.6,90,96.1,70.9,98.8
"111",56.8,59.1,36.5,46,42.8,97.9,92.1,73.2,76.1
"112",40.7,82.9,66.7,55.9,6.8,76.8,55.4,77.9,97.1
"113",72.4,29.6,84.2,17.2,98.5,14.2,27.6,13.8,74.8
"114",32.1,98.3,47.4,93.3,3.7,99.7,56.4,54.6,99.6
"115",65.1,49.8,32.3,65.7,63.4,71.5,96,5.4,82.7
"116",52.5,68,47.6,93.1,21.7,31.8,62.8,73.5,98.9
"117",55.8,64.2,11.2,41.8,81.7,86.1,95.9,25.4,91.8
"118",54.1,71.9,15.2,76.2,28.2,81.5,95.3,84.1,75.1
"119",45.6,71.9,76.8,38.7,36,70.4,76,46.7,23.9
"120",90.2,31.3,65.9,14.4,7.6,68.1,86,31.5,37.5
"121",32.5,83.4,16.3,28.9,99.8,100,71.6,82,54.9
"122",39.7,79.3,40.2,20.7,25.2,93.6,75.3,90.6,98
"123",69.3,48.3,71.2,36.9,5.2,63.8,75.1,56.6,29.4
"124",29.3,89.7,76.2,19.7,40.4,100,40.1,70.8,18
"125",27.8,96.5,17.8,41.1,57.4,100,74.4,85,70.4
"126",69.1,62.7,26.8,26.9,20.2,85.5,93.7,50.2,46
"127",30.5,99.2,24.4,26.1,54.6,100,89.1,36.9,73.6
"128",45.1,75.4,14.1,31,42,100,87.3,96.3,63.1
"129",26.6,80.9,51.5,28.7,51.1,100,52.2,67.4,82.9
"130",31.6,81.3,41,43.2,10.3,98.6,81.4,93.6,91.8
"131",70.8,14.5,42.5,56.8,22,99.3,93.5,88.1,74.1
"132",63.9,40.7,44.7,19,30.4,70.3,77.8,49.3,98.9
"133",63,42.5,33.9,47.9,72.9,24.7,82.2,10.1,96.8
"134",79.2,44.9,41,59.8,4.6,3,96.9,10.8,92
"135",62,68.4,59.6,30.1,4.5,23.1,88.4,13.3,61.3
"136",59.9,58,49.4,45.5,11.3,58.6,95.6,12.8,71.2
"137",61.4,16.2,74.7,18.2,55.2,24.9,59.6,88.9,85.5
"138",52.5,98.5,17.5,24.8,91.2,16.8,32.2,5.2,21.6
"139",52.9,42.9,29.9,22.3,51.4,93.5,92.1,85.6,67.7
"140",38.6,68.6,49.6,28.8,5.4,100,57.3,92.8,96.2
"141",59.6,96.9,25.4,23.7,31.3,55.1,26.4,7.3,39
"142",56.6,24.9,34.5,36,77,88.4,65.2,52.2,95.5
"143",55.8,54.1,24.7,45.1,32.5,90.3,94.8,13.1,98.4
"144",54.5,37.5,61.6,17.3,52.5,97.5,84.4,23.1,43.5
"145",48.8,50.7,32.8,16.8,38.7,99.7,72.8,99.4,69.9
"146",38.7,82.5,22.9,30,65.9,91,9.8,94.8,42.6
"147",64.2,37.9,71.6,26.8,81.8,17.8,9.8,34,27.6
"148",35.6,61.9,74.3,26.5,16.1,96.3,59.3,81.6,48.4
"149",55.5,73.1,81.9,47.4,18.9,4.7,8.5,1.4,54.9
"150",63.2,70.6,39,13.7,10.6,18,84.2,17.4,94.6
"151",59.4,30.8,55.8,35.2,53.8,49.7,85,16.5,78.4
"152",43.3,46,19,19,97.9,55,97.8,78.5,71.5
"153",43,43.3,51.1,19.7,27.4,91.6,89.8,76.2,94.8
"154",79.6,49.5,40,34.8,3.4,8,91,10.9,56.5
"155",46.5,39.6,48.3,18.9,33.7,84,81.6,70.6,97.9
"156",56.2,24.9,69.3,25.4,53,51.3,55,68.8,52.1
"157",38.6,50.7,10.4,33.7,99.8,84.3,60.5,68,91.4
"158",58.8,22.7,67.5,9.7,67.6,44.3,45.4,97.3,23.2
"159",53.4,25.1,25.2,52,78.9,79.6,99.8,21.2,91.3
"160",81.5,12.5,96.6,50.4,9.7,9,48.6,5,36.3
"161",59.7,11.7,70.1,11.2,87.5,52.7,56.7,61.1,24.4
"162",29.7,93.8,25.1,17.1,16.3,95.6,72.7,56,92.3
"163",54.8,96.9,19,10.4,9.5,70.4,43.5,21.6,55.8
"164",49,23.3,81.3,24.8,83.5,16.9,15.6,54.3,77.7
"165",57.4,23.9,70,15.4,85.7,14.7,32.8,25.6,77.7
"166",73.2,41.8,23,39.8,13.1,21.8,97.8,28.5,98.1
"167",43.5,40.3,35.3,19.8,45,88.3,79.2,78.2,97.8
"168",48,26.6,58.7,39,71.3,18.8,97.7,10.8,95.7
"169",49.2,68.4,26.1,41.6,35.1,31.6,85.5,14,81.7
"170",33.2,67.4,39.3,32.3,16.1,88.4,77.8,81,72.5
"171",68.2,7,69.3,57.9,25.8,9,83.4,25.6,96.3
"172",49.8,38.9,41.3,69,20.7,98.8,50.5,60.8,70.1
"173",27.1,38.8,43.9,95.8,64.8,100,59.8,96.8,35.5
"174",29.3,91.4,26.9,12.5,36.5,100,49.2,17.3,93.2
"175",44.4,45.7,51,88.9,12.6,59.9,95.4,21.2,75.1
"176",37.3,53.4,50.9,63.7,22.5,83,71.6,60.1,49.4
"177",61.5,33,65.1,16.6,87.5,15.4,17.6,19.1,24.1
"178",44.4,37.9,35,25.6,39.7,87.8,97.2,79,72
"179",46.7,61.5,36.7,26.6,6.8,64.5,87.9,30.1,97.3
"180",32.9,65.8,36.5,38.9,82.8,100,25.7,31.8,20.9
"181",49.1,60.2,30.8,51.7,4.4,89.4,83.2,39.3,54.6
"182",37.7,41.5,61.2,38.6,19.9,82.8,62.3,62,91.5
"183",32.4,86.2,31.8,25.7,14.3,100,84.9,26.4,50.6
"184",30.5,98.4,14.4,10,95.7,70.8,34.3,14.6,5.9
"185",32.9,85.7,44.4,13.2,13.1,79.3,45.1,89,19
"186",51.3,2.3,96.8,88.3,63.5,32.7,13.5,11.7,65.7
"187",36.2,39.4,16.9,46.3,56.3,90.6,86.4,80.8,97.6
"188",46.6,33.9,63.8,13.6,42.5,16,58.6,85.2,66.8
"189",40.5,29,38.2,37.2,75.1,99.3,40.2,59.5,70.1
"190",40.9,64.9,37.6,16.8,7.4,96,68.8,26.4,90.6
"191",34.4,63.3,38.9,35.7,3.3,97.1,69.1,85,60.4
"192",46.1,63.3,19.8,25.3,29.1,68.8,82.7,36.3,68.2
"193",8.3,80.7,57.9,30,98.2,34.6,5.6,96.8,19.2
"194",40.9,87.4,44,35,12.8,40.7,48.4,5,44.4
"195",59,46.4,30.2,41.9,30.6,5.5,86.1,9.1,88.5
"196",57.3,27.8,66,12.9,75.8,17.5,38.1,14.4,30.7
"197",51.2,64.3,75.9,32.8,22,2.4,6.6,1.4,37.5
"198",65.4,5.9,95.7,96.2,17.6,26.4,11.1,2,40.2
"199",25.6,69.7,16.4,23.6,97.7,37.3,57,31.1,85.7
"200",60.4,25.1,57.7,19.6,34.5,7.8,80.4,12,88.8
"201",60.2,4.3,97.3,65.6,23.7,27.6,17.5,28.6,56.5
"202",33.6,43.5,30.3,14.3,27.5,100,84.1,98.9,91
"203",36.9,32.2,21.3,71.7,64.2,99.7,88.6,21.3,75.8
"204",26.5,79.1,29.7,24.3,3.8,85.9,85.8,75.9,54.6
"205",51,60,28.7,26.8,16.9,41.6,87.2,22.3,52.8
"206",46.3,51,27.1,44.7,11,100,38.1,29.2,98.1
"207",39.6,68.1,15.7,20.2,23.6,68.5,70.1,40.2,89.1
"208",29.6,42.1,32.5,20.5,29.6,95.8,73.3,96.7,98.1
"209",40.5,45.1,56.7,71.5,5.3,70.1,22.5,30.6,85.4
"210",20.6,65.3,38.3,12.6,39.4,99.3,67.6,91.1,33.2
"211",66.6,7,50.1,87.2,31.5,15,49.4,2.9,85.9
"212",30.5,34.6,66.8,18.8,23.6,87.3,77.1,63.5,63.4
"213",45.8,19.7,29.9,21.1,92.9,67.6,89.9,26.7,42.3
"214",51.4,6,93.5,79.8,58,9.6,9.2,9.2,39.3
"215",33.2,99.9,23.6,72.9,3.8,40.4,39.5,4.6,38.4
"216",34.4,91.8,13.1,18,28.8,56.7,21.3,32.6,65.4
"217",33.3,52.1,67.9,44.6,53.9,19,4.4,18.5,54.3
"218",22.9,70.9,8.9,30.6,14.6,96.1,62.9,93,97.2
"219",57.3,51.8,22,13.8,7.8,12.9,91.3,9.4,95
"220",70.3,24.9,50.1,9.6,13,11.7,53.7,2.9,74.8
"221",29.4,65.1,15.1,27.9,36.6,99.9,48,56.6,61.6
"222",28.9,74.9,13.9,15.7,27.6,78.3,78.8,20.2,82.7
"223",37.9,38.7,15.2,33.1,96.1,7,81.1,14.9,90.5
"224",22.1,51.6,18.4,26.6,97.9,71.4,31.3,91.7,33.2
"225",41.5,100,20,13.8,46.4,4.8,4.4,1.7,10.7
"226",27.6,24.2,41.6,88.5,57.3,67.8,35.6,46.8,93.2
"227",69.5,3.5,96.8,29.9,6.1,6.4,13.3,1.5,49.7
"228",49.4,21.2,75.6,30.2,32.9,23.7,10.9,15.7,78.2
"229",25.2,95.8,20.9,15.5,2.8,26.8,75.1,39.9,69.9
"230",51.4,1.4,74.9,11.5,98.9,28.8,12,34,5.1
"231",19.7,48.3,20.4,9,87.2,100,29.6,75.3,66.5
"232",47.4,17.7,29,21.9,70.1,49.5,91.8,22.5,55.5
"233",29.6,67.4,25.8,26.2,4.8,96.7,51.4,59.9,54.3
"234",53.1,38.3,67.7,15.9,28.3,16.8,6.7,20.1,30.5
"235",16.4,79.4,21.1,21.3,18.6,100,40.2,97.6,43.5
"236",31.6,93.7,5.9,11.6,9.2,19.3,99.6,41.5,46
"237",21.1,78.6,24.2,72.1,57.9,5.3,6.6,33.9,66.8
"238",50.5,2,73,58.7,50.4,75.8,2,4.8,42.3
"239",30.4,22.7,16,44.9,43.2,98.2,65.2,97.9,94.7
"240",52.4,22.1,19.8,25.9,58,41.5,90.7,37.5,35.2
"241",44.8,32.3,25.5,47,9.1,99.5,38.1,34.6,93.6
"242",22.6,77.5,20.2,14.3,6.9,94.4,45.8,98.4,28.9
"243",26.5,65.8,16.2,15.5,7.5,100,72.7,31.7,93.3
"244",20.4,56.2,23.4,16.8,23.2,96.8,71.1,88.3,57.7
"245",39.5,57.6,11.9,27.7,10.7,71,52,23.8,93.5
"246",21,79,37.5,33.5,6.2,62.6,32.5,74.6,19.9
"247",37.5,14.8,37.7,11.2,91.2,46.2,87.4,35.2,30.7
"248",45.5,9.4,43.5,27.6,34.8,24.8,90.9,51.2,83.9
"249",23.7,49.2,11.8,29.6,45.3,90.9,90,32.3,80.4
"250",18.4,75,13.2,44.5,11.3,99.3,17.5,73.3,79.8
"251",34.3,22.5,29.1,77.7,81.2,54.7,37.1,16,50.9
"252",38.5,57.9,44.9,21.3,2.4,4.1,49.9,46.7,57.4
"253",39.8,58.1,22.9,17.6,11.1,7.3,93.8,18.7,77.3
"254",10.6,96.9,14.2,41.6,12.2,100,11.4,99.3,4.3
"255",18.4,63.9,17.1,27,83,38.2,21,68.3,34.6
"256",28.6,98.8,14.9,20.3,41.6,8.6,23.2,8.4,15.4
"257",23.4,62.7,22.3,27,12.8,99.5,46.5,100,13.7
"258",33.8,32.8,33.1,62.6,10.9,99.8,21.9,35.3,97.1
"259",23.1,22,16.8,31.1,75.9,93.6,88.4,59.2,67.4
"260",35.6,34.1,32,68.5,56.9,7.9,57.7,10.8,63.1
"261",25.2,37.2,19.8,35.7,100,36.4,47.1,34.6,51.2
"262",48.7,6.3,53.4,36.7,41.9,9.8,62.1,8.6,80
"263",51.7,1.7,66.5,42.6,54.4,38.5,2.1,1.6,47.2
"264",36.9,49.4,13.5,30.8,33.2,27.1,68.6,5.5,96.4
"265",25.7,27.7,43,96.7,10.9,79.9,92.4,7.5,62.5
"266",15,98.6,11.9,8.4,84.1,41.5,1.2,10.9,1.8
"267",42.2,35.1,21,65.8,12.7,9.3,97.4,30.7,66.5
"268",19,48.8,26.6,34.7,34.8,77.8,57.9,30.3,87.4
"269",37.6,50.3,16.6,11.4,14.6,56.9,65.3,49.6,58.6
"270",36.9,31.2,38.5,37,19.3,40.5,80.9,30.9,57.4
"271",32.2,85.8,43.5,21.5,11.8,3.1,10.7,1.3,18
"272",38.4,86.4,6.8,12.2,25.6,7.1,22.8,23.3,30.5
"273",21.2,45.3,14.2,17.8,36.1,80.8,75.7,94.1,50.9
"274",27.8,67.3,25,20.8,8.9,63,49.6,15.3,64.5
"275",22.7,99.3,29.2,16.8,10,5.5,45.4,3.2,27.1
"276",51.2,47.8,12.7,24.2,5.6,7.5,59,6.8,92.1
"277",26.3,33.7,34.6,24,17.7,93.3,61.6,67,59.2
"278",34.7,75.5,49.3,20.6,14.2,2.1,3.3,1.1,21.8
"279",20.1,19.2,44.7,37,76.8,84.2,55,22.8,50.6
"280",29,15.1,61.2,28.4,56.5,25.2,28.9,74.8,45.6
"281",41,2.5,65.6,35.7,65.6,84.4,1.2,2.3,21.2
"282",32.7,31.2,5.4,23.6,67.1,92.3,69.3,14.3,57.7
"283",25,59.9,39.4,50.1,3.1,20,92,7.8,44.1
"284",24,8.5,82.8,10.5,63.3,54.1,3.8,98.8,2.3
"285",40.1,54.7,55.9,26,26.6,2.6,2.7,1.4,6.5
"286",13.4,89.5,12,10.8,11,97.9,23.9,65.5,25.8
"287",38.5,19.5,18.4,31,72.5,11,88,9.3,71.5
"288",18.7,98.2,8.6,24,34.7,24.3,18.6,27.4,25.6
"289",26.3,13.5,28.2,30.7,61.2,92.3,45.7,39.3,90.6
"290",28.3,13.8,37.8,60.9,52.6,100,56.5,38.7,16.3
"291",21.4,80.9,42.2,20.8,17.4,4.4,36.8,4.1,34.6
"292",34,27.5,19.4,51,23.6,76.1,88.9,10.3,65.7
"293",28.4,21.6,36.3,23.5,29.4,94.8,25.1,47.1,96.1
"294",44.5,48.8,10.1,14.2,7.8,18.4,92.6,34.9,40.8
"295",19.4,51.9,12.6,15.1,56,97.8,2.6,100,17.2
"296",19.2,66,8.5,12.7,16.8,68,64.8,38.2,84.3
"297",30.3,18.6,34.4,87.8,59,17,14.4,39.8,66.8
"298",19.2,41.8,18,21.6,16,99,37.2,74.7,94.4
"299",36.9,18.1,24.7,20.7,48.7,18.9,59.7,32.8,95.9
"300",22.5,3.2,58.4,15.8,72.6,83.7,1.3,98,24.6
"301",9.1,95,2.1,7.4,94.6,37.2,6.8,1.5,6.9
"302",44.4,21.3,29.1,11.5,21.4,41.3,82.1,25.6,46.6
"303",26.2,34.8,40.4,20.7,18.7,71.7,70,17.9,52.8
"304",37.3,6.2,47.2,27.9,65.1,4.9,59.4,13.4,57.7
"305",26.5,39.1,32.2,45.2,59.7,23.3,32,17.7,34.6
"306",16.2,20.7,21.4,43.6,36.8,96.3,96.9,50.6,73.6
"308",21,27.4,45,10.6,23.6,73.1,59,54.1,61
"309",18.2,65.7,31.6,9.9,34.6,85.2,24.2,18.5,2.9
"310",17.2,58.1,7.8,14.8,17.7,75.1,48.8,95.8,47.2
"312",30.9,55.6,22.8,15.3,13.1,77.9,38.4,26.6,13.2
"313",23.7,64.8,27.2,19.4,6.1,37.4,36.5,49.8,33.8
"314",35.1,21.6,24.4,52.2,30.5,40.5,68.5,12.7,62.5
"315",15.8,56.9,17.3,16.6,26.4,52.5,75.4,9.4,88.4
"316",15.8,97,40.3,5.8,2.8,3.4,23,1.4,23
"317",40.8,5.1,24,52.8,61.6,5.2,69.5,41.7,36.1
"318",28.3,32.4,21.1,27.8,52.3,27.2,62.9,4.3,77.7
"319",25.5,42.5,13.5,17.6,5.7,96.8,34.5,86.3,54.3
"320",31.3,1.4,44.4,12.2,100,53.6,1,58.9,10.5
"321",17.7,3.2,27.6,76.3,88,54.9,1.4,97.1,54.6
"322",32.9,4.8,49.1,12.9,53.3,56.5,18.5,41.2,62.5
"323",17.3,65,7.6,12.2,3.5,95.2,19,48.6,89.8
"324",36.4,44.1,22.3,16.7,48.8,2.4,33.3,4.2,38.4
"325",40.9,26.2,23.5,31.5,31.6,8.5,50.1,17,62.8
"326",23.6,20.7,52.3,58.4,3.5,25,97.6,6.4,78.4
"327",22.5,32.8,14,15.4,22.4,99.8,58.6,45.1,81.7
"328",20,40.7,18,17.7,27.1,83.2,49.7,22.7,88.7
"329",21.4,42.2,18.1,28.3,6.7,95,22.1,99.3,41.7
"330",17.4,100,8.9,8.1,38.4,21.6,1.3,10,2.1
"331",65.2,3.4,24.9,32.2,4.2,38.2,30,46.4,16.3
"332",5.8,56.4,3.9,7.9,82.9,100,4.2,100,1.2
"333",28,14,41.6,12.1,84.8,14.2,16.7,54,33.5
"334",18.4,79.6,4.9,10.7,7.2,63.6,19.3,8.9,89.1
"335",10.1,99.1,43.8,25.7,6.1,7.3,9.7,1.3,1.9
"336",35.2,61.8,17,7.1,4.3,2.4,81.6,1.1,34.6
"337",20,42.4,22.2,14.7,31.5,76.4,79.2,18.2,35.8
"338",29,22.2,63.7,24.6,9,11.3,32.2,17.4,84.8
"339",46.3,1.8,77.1,35.2,25.9,3.9,2.5,1.4,31.3
"340",17,43.9,6.7,20.2,13.3,96.6,43,72.8,85.2
"341",22.7,76.4,18.1,14.1,41.1,3.1,17.1,4.2,23.7
"342",26.9,29.3,24.5,49.5,28.3,31.6,61,27.6,62.8
"343",22.4,2,45,12.2,92.2,8.2,60.1,92.7,4.4
"344",11.3,44.2,13.3,18.5,7.9,99.7,56.9,99.6,62.8
"345",13.4,84.3,6.6,6.7,13.8,4.3,72.3,13.5,69.3
"346",34,1.4,72.5,14.4,52.4,44.6,1.4,6.3,30.5
"347",12,54.3,6.8,20.9,17.3,70,47.2,51.8,94.9
"348",20.5,72.3,42.7,31.8,4.7,1.3,32,4.3,7.8
"349",43.2,1.7,72.7,57.3,22.9,4,4.2,2.7,29.1
"350",31.2,11.4,49.3,37.3,14.9,3.2,59.9,30.7,83.5
"351",40.4,41.1,12.7,13.4,7.5,5.9,67.6,4.1,73.6
"352",6.9,97.7,13.3,11.4,11.1,45.2,14.7,18.2,39
"353",28.9,41.6,13.1,15.6,11.3,10.7,78.8,37.7,79.5
"354",23,29.2,21,53.2,4.6,50.6,28,81.2,80.8
"355",31.9,22.3,22,15.1,41.2,8,72.8,21.2,73.3
"356",29.5,1.4,51.7,10.9,96.8,59.3,1.1,5.7,9.6
"357",20.1,94.7,7.6,14.8,11.4,6.6,26.2,5.4,18.8
"358",35.8,19,24,11.5,59,13.8,31.7,21.2,57.7
"359",33.6,49.6,5.7,17.4,4.1,8.1,73,10.7,81.1
"360",24.4,11.5,9,42.1,91.5,46.5,73.7,22.2,27.6
"361",15.6,78.7,31.8,17.4,17.6,8.8,16.3,3.4,28.4
"362",18.7,67.5,38.8,17.5,3.4,2.1,68.6,1.8,18.4
"363",7.9,51.5,5.3,31.7,39.9,100,1.2,91,37.8
"364",20.2,11.2,7,35.7,69.2,100,32.9,100,16.5
"365",20,20,39.1,36.9,20.7,100,6.4,100,3
"366",17,98.1,25.2,5.5,7.7,3,5.8,1.3,4.4
"367",39.8,36.8,5.7,32.5,2.9,4.6,69.4,5.4,84.3
"368",18.9,11.7,72.7,9,77.4,2.6,23.5,3.9,30.7
"369",8.9,77.8,3.1,18.6,4.9,92.9,55.9,25.4,24.4
"370",17.8,91.2,22.5,10.5,7.8,1.3,3.6,2.2,27.6
"372",43.7,2.8,33.2,72.5,8,2.7,48.7,6.2,78.6
"373",15.2,44.2,33.4,14.1,10.4,96.6,9.4,58.4,31
"374",60.1,8.3,17,36.8,15.4,7.9,51.7,1.6,23
"375",10.8,65.1,3.5,12.3,14.1,97.5,9.1,98,12
"376",18.4,29.5,15,10.3,4.5,100,68.3,39.2,90.4
"377",4.1,99.8,33.4,10.3,5.1,15.9,9.5,2.8,16.5
"378",19.4,24.2,9.5,35.4,19.1,60.2,33.2,94.3,87.3
"379",21.2,59.7,11,14.7,2.3,61.1,62.3,29.6,18
"380",18.1,42.9,5.3,47.7,56.2,25.2,18.9,36.2,50.9
"381",13.3,42.6,6.7,10.5,6.5,97,38.9,89.5,64.8
"383",42.4,4.7,30.3,11,77.7,6,10.3,5.1,27.6
"384",19.4,57.6,3.4,10.7,8.9,23.9,99.8,32.3,38.7
"385",21.1,73.9,8.6,18.9,29.5,11.2,8.1,3.5,22.5
"386",31.5,12.5,24.6,26.1,55.3,30.3,59.1,4.9,27.6
"387",16.1,48.6,8.5,10.7,36.8,53,53.7,12.9,47.5
"388",36.1,26.5,4.5,11.3,8.3,18.5,99.4,19.9,64.5
"389",26.6,1.3,42.5,24.5,95.3,4.1,3.4,49.9,1.4
"390",15,23.7,15.2,30.2,3,80.3,40.4,89.3,88.8
"391",27.1,27,37.8,18.5,43.6,17.5,1.9,31.1,26.6
"392",21,8.2,5.5,27.4,96.3,100,2.3,65.1,4
"393",7.8,50.8,29.4,12.8,37.1,29.4,18.8,69.3,20.5
"394",12.5,95.4,4.2,21.9,19,10.4,9.7,4.5,10.2
"395",25.4,25.4,27.8,30.7,43.9,64.8,12.8,4.6,26.1
"396",25.9,65.3,11.6,21.5,20,5.4,25.4,3.4,17.1
"397",13.6,85.7,6.1,9.5,1.7,12.1,63.8,18.9,11.1
"398",22.7,2.8,7.6,11.2,93.7,10.5,61.7,96.1,24.4
"399",18.9,31.8,7.6,18.5,30.4,45.2,34.4,51,88.8
"400",27.3,1.9,31.9,13.4,90.7,6.3,71.1,16.1,5.1
"401",20,58.7,13.5,27.2,8.4,4.6,50.9,11.1,51.8
"402",23.2,15.2,32.2,14.6,10.4,31,56.2,68.7,69.9
"403",28,24.2,20.2,18.8,19.6,24,63.5,47,40.2
"404",44,23.3,9.8,5.1,5.6,3.4,96.8,16.1,36.1
"405",24.2,13.3,60.4,23,12.1,7.3,37.2,18.3,63.1
"406",17.5,59.9,7,10,6.7,63,45.1,9.1,46.6
"407",34.4,1.9,58.9,35.3,38,1.6,9.3,1.1,38.7
"408",19.3,18.5,11.7,19.3,10.3,100,12,99.3,71.5
"409",36.1,22.5,28.2,91.4,3.9,1.4,24.7,1.7,31
"410",18.8,20.3,18.2,15,56.8,12.3,54.9,4.2,97.7
"411",43.3,4,72.9,4,8.7,6.6,7.3,2.2,12.9
"412",15.1,9,13.3,23.5,83.6,72.6,35.7,7.8,71.8
"413",8.5,59.6,6.8,12,4.5,76.1,60.6,26.3,51.2
"414",28.9,8.4,29.7,18.4,13.8,68.8,27.1,70.3,34.3
"415",16,36.3,5.7,11.1,13.7,94.4,23.7,88.7,38.1
"416",15.4,51.1,8.7,9,14.1,42,42.5,13.5,83.3
"417",19.8,16,19.9,15.7,96,31.4,5.4,53.1,1.2
"418",30.3,4.6,23.8,63.3,42.8,97.9,1.4,3.9,16.3
"419",23.1,5.1,10.9,7.3,99.4,23.7,23.4,91.5,3
"420",39.3,16.2,34.6,5.7,15,6.2,34.5,2.8,53.7
"421",24.4,35.4,17.9,11.1,16.2,50,46.5,5.5,49.7
"422",14.5,13.6,11,13.6,99.5,75,10.4,58.8,4.2
"423",27.5,12.6,14.4,12.9,93.5,6.7,5.3,56.3,6.8
"424",18.1,27.2,16.3,16.2,12.9,50.7,79.3,48.5,47.8
"425",39.6,23.1,7.9,10.9,5.3,35.6,70.2,38.6,14.9
"426",13.7,51.7,7.3,9.8,2.3,87,8.9,58.9,55.2
"427",17.5,21.9,29.1,13.9,14,88.4,34.6,28.6,58.9
"429",7,2.6,40.9,39.4,56.2,94.6,1,100,6
"431",24.6,44,8.9,9.3,19.3,26.9,61,6.2,34.9
"432",22.4,28.6,47.3,11,24,27.3,6.4,11.2,29.9
"433",7.3,53.1,5.3,14.2,5.4,86.3,40.1,76.6,23.7
"434",15,34.3,57.7,17.3,27,21.1,1.3,18.2,12.6
"435",34.5,5.9,20.8,14.7,65.4,14.5,1.5,26.7,43.2
"436",11.5,34.7,10.2,14.8,10.5,71.9,14.4,83.5,79.8
"437",19.7,12.4,27,24.8,25.6,76,19.3,19.3,81.7
"438",13.8,65.5,17.3,5.7,14.7,24.6,29.2,26.7,8.7
"439",22.5,31.8,19.5,20.6,23.9,32,56.4,6.4,37.2
"440",12.6,97.3,3,6.2,10.7,3.3,9.2,3,3.3
"441",9,22.8,27.6,94.8,6.2,100,1,83.1,1.6
"442",17.4,68,6,9.5,4.9,35.5,41.9,16.4,11.7
"443",18.3,14.2,13.6,10.5,37.5,96,27.4,79.9,21.8
"444",19.9,25.1,11,24.4,25.6,67.4,55.4,36.3,31
"445",15.9,36.5,6,14.9,53,25.3,54.4,10.1,49
"446",26.3,29.1,31.6,28.9,2,9.9,72.8,16.2,16.1
"447",15.1,41.6,6.9,21.7,14.5,47,61.4,19,61.9
"448",12.9,34.1,22.8,18.1,10,93,50.5,38.3,12.3
"449",12.5,16.1,13.5,11.1,82.9,86.3,26.5,27.2,18.4
"450",10.3,72.5,15.4,11.9,10.8,4.2,45.2,2.5,30.7
"452",17.2,15.3,12.5,11.4,86.2,40.9,54.7,2.8,30.2
"454",8.8,98.4,3.4,9.9,5.6,6.6,13.5,3.6,8.9
"455",18.9,55.3,4.1,8.8,8.2,7.9,90.8,13.2,26.6
"456",21.5,4.1,37.6,13.8,75.8,25.6,15.3,39.2,1.6
"457",5.6,94.4,4.3,8.4,33.3,2.3,1.2,1.1,2
"458",12.8,73.1,7.4,8.8,23.9,15.1,21.1,3.5,16.9
"459",16.7,18.4,13.7,17.4,56.7,100,48.3,3.4,8
"460",16.1,45.1,48.6,23.8,2.1,29.1,2,20.9,2.5
"461",16.4,25.6,5.1,13.4,13,99.8,40.1,99,9.6
"462",16,38.6,3.1,7.2,16.4,51,86.3,21.8,42.6
"463",25.1,30.7,25.7,20.5,6.8,15.6,40.1,3.9,54.3
"464",10.2,10.9,10.1,18,99,54.1,2,90.7,1.2
"466",22.6,14.8,12.7,10.4,54.5,38.5,70.2,16.2,19
"467",7.2,70.8,9.6,17.4,19.7,29.6,2.3,9,42
"468",19.7,14.9,13.9,12.7,68.3,23.8,44.8,9.6,47.8
"469",30.2,21.4,5.3,11.9,14.4,25.6,91.2,19.5,35.8
"470",16.7,13.5,18.8,14.1,5.5,100,35.9,99.7,24.6
"471",14.6,52.7,14.2,10.5,11.7,65.3,20.1,15.7,18.2
"472",14.2,48.5,15.6,13.6,13,30.1,1.5,94.1,2.5
"473",21.2,51,5.8,13.2,7.5,6.1,53.1,13.2,44.4
"474",23.6,9.6,14,9.8,81,17.3,30,12.9,37.5
"475",13.1,68.7,5.5,13.1,36.1,7.5,7,4.9,15.2
"476",21.3,2.1,13.3,7.4,93.2,5.7,63.3,25.8,24.8
"477",19.8,3,27.8,25.5,83,13,43.5,14.9,11.7
"478",28.5,11.6,38.8,11.9,53.2,7.4,8.7,7.7,10.9
"479",26.2,19.6,12,8.1,47,4.3,56.8,23.9,28.1
"480",20.4,21.2,6.9,15.6,33.7,79.8,24.1,14.2,55.8
"482",4.6,85.1,4.8,9.6,6.5,61.1,2.1,12.3,1.6
"483",8.8,39.7,5.3,13,14.9,42.2,24.6,55.4,87.4
"484",14.4,2.2,80.6,38.4,28.6,21.6,1,22.4,1.1
"485",21.3,14.8,33.2,13.1,16.8,40.5,44.3,30.6,29.9
"486",23.3,1.2,36,10.5,84.3,40.5,1,4.2,1.3
"487",20.6,57.1,9.6,13.2,2.9,3.3,45.2,4.6,29.4
"488",33.9,22.4,7.3,6.6,10.9,2.3,83.4,16.6,31.6
"489",4.3,96.4,3,7.6,8.6,3.4,21.7,2.6,3.5
"490",13.5,47.5,20.9,13.1,5.8,43.5,22.3,15.1,36.3
"491",21.6,1.7,39,24.1,66.1,54.6,1.2,3.8,3.4
"492",31.5,38.1,12.6,7.8,7.6,7.1,32.8,16.2,15.2
"493",9.1,79.8,3.2,13.7,16.8,12.2,16.3,3.2,8.7
"494",18,37.2,8.3,24.6,7.8,42.8,23.3,33.3,50.6
"495",19.9,20.9,11.2,22.1,48.2,22.3,51.3,4.6,38.4
"496",19.8,8.9,36.2,12.8,69.5,13.8,1.7,36.3,2.5
"497",8.6,82,8.4,18.7,13.8,4.9,3.8,1.9,7
"498",8.3,70.7,7,24.1,19.5,4,1.6,44.3,2.7
"499",38.8,8.5,10.4,8,16.7,3.6,82,16,29.1
"500",26.7,7.7,23,15.3,77.4,7.8,1.6,19.8,6.9
"501",8.4,12.1,13,11.6,11.9,100,38.5,90.5,63.7
"502",10.3,59.1,7.9,19.8,6.9,36.3,28.2,13.7,31.8
"503",29.1,3.3,38.8,29.8,17.4,20.6,13.8,34.1,28.9
"504",22.2,12.9,44.9,14.3,17.2,72,4.1,5.7,14.2
"505",14.3,23.6,47.1,18.3,39.3,12.4,17.9,2.2,13.7
"506",8.4,18.7,9.6,12.6,8.7,75.1,44.8,87.3,73.1
"507",4.2,47.8,4.2,20.9,4.5,100,2.4,100,1.1
"508",26.5,25.2,24.4,12.1,29.5,23.8,2.5,10.3,20.9
"509",15.7,41.1,4.6,14.1,18.9,17,58.2,9.6,53.1
"510",23.5,13.4,31.4,26,35,10.4,9,12.7,44.4
"511",21.5,5.5,49.1,16.5,55.7,7.2,1,24.3,1.4
"512",10.3,27,19.3,12.1,46.4,50.1,40.2,21.9,15.4
"513",15.2,53.1,3.7,11.7,19.1,23.3,31,19.6,19.7
"514",18.1,15.2,9.5,19.6,18.3,100,1,99,3.8
"515",18.4,24.8,3.4,7.4,40.4,5.5,98.2,23.5,21.8
"516",23,14.3,58.4,52.7,4,11.1,4.9,2.6,6.2
"517",10.7,33.6,26.3,10.9,3.8,37,63.7,1.2,57.4
"518",20.4,1.1,32.3,19.8,99.9,1.9,1,8.8,1
"519",22.2,25.4,9,11.1,53.3,43.8,11.5,5.9,15.8
"520",20.9,29.7,18.2,17.7,9.7,9.7,59.1,4.5,46.6
"521",19.7,24.4,8.4,7.2,16.3,41.7,77.7,26.7,28.1
"522",11.1,17.2,18,43.1,64.5,9.8,7.7,20.1,54.6
"523",19.4,1.8,52.5,9.4,75.4,2.4,1,8.5,1.2
"524",13.3,54.5,11.6,8.4,3.8,5.4,23.8,35.5,41.1
"525",22.9,7.1,4.5,8,57.6,4.1,55.3,9.7,80.6
"526",8.5,25.4,3.5,16.8,13,57.4,36.4,67.4,85.2
"527",13.7,8.6,3.9,34.2,90.3,100,1,5.5,1
"528",11.8,1.4,21.3,47.6,100,12.7,1,46.2,1
"529",18.1,19.2,37.5,11.2,34.5,37,1.8,15,15.4
"531",8.7,41,8.1,12,6.2,77.5,18.7,72.6,11.7
"532",28.7,13.5,25.9,15.7,3.8,1.4,75.4,4,36.6
"534",9.3,1.1,17.8,9.6,90.5,40.4,1,96.6,1
"535",17.4,40.6,3.8,12.7,11.3,4.8,54.3,8.8,61.9
"536",9.6,78.7,2.1,6.5,19.9,3.4,3.3,1.6,8.4
"537",16.7,3,9,4.3,77.6,15,21.9,87.6,18.2
"538",15.1,67.9,14.3,8.9,3,1.7,13.4,3.8,3.5
"539",26.8,6.9,15,15.3,23.2,6.7,45.3,22.4,72.5
"540",10,5.2,4.7,9.4,68.8,20,37.9,66.3,74.3
"541",20.6,7.1,28,9.7,40.4,18.8,3.4,79.8,10.6
"542",15.7,6,72,22.2,35.1,7.3,1.1,1.9,1.4
"543",38.7,2.1,31,8.6,23.8,3.6,9.1,29.9,5.1
"544",12,6.9,11.6,7.3,96.2,21.4,27.3,38.9,15
"545",7.6,33.7,3.9,7.2,78.3,41.1,14.5,21.1,3.2
"547",8,62.2,5.3,15.2,7.8,47.9,10.2,2.9,28.4
"548",22.7,5.8,34.1,19.3,9.4,6.6,89,4.9,31.3
"549",11.8,20.9,15.3,25,10.5,100,1.2,63.3,21.4
"550",5.8,38.4,4.2,28.3,26.2,62.4,9.1,29.6,47.5
"551",10.5,16,15.9,16,10.7,67.2,49.8,72.3,29.1
"552",14.8,24.6,9.7,8.1,39.4,30.9,62.4,4.8,28.4
"553",13.6,2.2,34.7,13.3,8.2,100,2,100,3
"554",14.7,2.3,14.4,22.3,31.3,100,1,100,1
"555",5.8,18.3,3.4,10.2,78.8,76,27.2,23.9,15.9
"556",10.8,33.7,5.9,12.2,18.8,30.4,42.6,8.2,79.1
"557",28.9,2.8,47.6,8.7,15.8,1.9,24.3,2.1,31
"558",14.9,12.8,35.4,14.2,12,21.1,68.1,12.1,39
"559",5,1.7,14.8,9.1,84.3,75.2,1,88.4,1
"560",6.5,79.3,4.6,5.5,15.6,5,4.1,7.9,1.1
"561",23.7,8,40.4,62.4,17.2,7,1.5,5.3,18.2
"562",6.1,12.9,7.9,10.1,99,27.8,3.2,71.9,1.3
"563",8.4,70.4,3.8,13.6,13.2,14.7,11.4,2.2,10.3
"564",9,29.1,12.1,11.2,12.2,51.3,45.4,38.9,45
"565",19.7,1.7,57.9,54.6,29,3.3,1.1,2.7,1.7
"566",10.7,38.8,3.8,20.4,5.3,100,8.9,45.4,5.2
"567",13.2,36.6,10.2,10.6,7.9,30.7,57.8,13.8,34.9
"568",4.7,22.8,5.2,11.7,44.1,87.7,1.1,93.6,1.1
"569",19.5,2.7,39,81,19.7,27.1,1,23.5,1.9
"570",19.1,4.4,73.5,13.7,4.2,37.7,1.2,4.2,1.1
"571",12.5,20.9,15,9,6.7,65.1,41.2,79.4,7.3
"572",33.8,3.9,19.3,17.1,16.4,5.1,20.9,4.1,59.2
"573",9.2,6.8,12.5,13.7,15.7,74.8,50.7,100,26.6
"574",4.4,88.7,3.6,8.2,3.9,1.4,1.5,1.1,4
"575",22.8,4.3,49.8,11.5,38.7,1.8,9.7,10.3,2.1
"576",13.4,1.6,23.9,5.7,85.3,32.3,1,45.1,1.3
"577",14.7,33.6,11.8,17.1,8.9,37.8,40.8,3.5,39.6
"578",23.7,2.1,49.8,9.9,11.6,43.3,2.3,31.9,2.1
"579",10.3,17.9,15.4,9.9,91.1,15.1,1.3,15.6,9
"580",12.1,8.9,3.7,9.6,70.5,70.4,42.5,7.7,21.8
"581",11.5,12.4,17.9,11.3,12.6,100,1.2,99.9,1.1
"582",5.5,11.4,4.3,12,60.2,95.2,3,86.6,1.6
"585",8.1,2.3,65.9,45.5,39.9,19.3,1,5.8,2
"586",9.7,4,7.5,8.1,93.9,8.1,21.3,76.6,8.3
"587",10.5,7.2,44.1,9.2,52.2,35.5,4.4,24.3,5.4
"588",14.2,17.4,9.6,24.2,40.2,56.4,23.9,3.3,35.5
"589",8.7,16,9.5,8.3,24,98,1.2,98.1,5.6
"590",12,9.8,13.4,14.6,8.5,44.4,66.6,40.5,69.3
"591",15.4,20.3,19.1,9.4,20.8,100,1.1,20.5,1
"592",14.9,13.6,6,17.2,14.7,97.8,1.2,92.8,1.8
"593",14.4,25.7,37.1,11.1,2.8,17.1,32.1,4.5,32.7
"594",7.6,2.3,7.1,8.1,85.9,98.5,11.6,16.5,19
"595",10.6,5.2,20.5,13.8,10.2,56.9,52.1,61,50.6
"596",33.4,7.7,24.5,28.6,9.3,12.4,2.4,1.6,32.7
"597",8.4,42.6,2.3,17.6,55.2,13.2,14.3,1.4,15.8
"598",3.1,39,1.7,7.6,98.8,8.3,3.6,3.1,1
"600",23.8,2.1,26.4,72.5,25.1,11.6,2,1.7,29.4
"601",9.6,10.4,5,22.7,81.5,16.9,45.5,14.5,21.4
"602",11.1,8.3,4.5,20.1,89.9,4.9,39,39.2,2
"603",8.3,40.7,6.2,11.5,23.6,45.2,29.5,15.5,11.8
"604",9.8,1.9,16.8,37.3,20.4,100,1,100,1
"605",5.8,41.3,4.7,8.5,4,37.4,3.6,76.7,45.3
"606",8.4,35.1,6.1,26,21.1,32.8,28.4,22.3,34.6
"608",17.5,8.7,12.6,14.1,6.1,71.9,9.2,99.4,9.8
"609",18.3,2,9.4,8.2,56.9,100,4.5,17.6,3.1
"610",27,7.4,35.6,9.5,13.1,13.1,16.3,2.2,31.6
"611",18,4.9,12,9.1,44.6,11.9,34.6,50.5,34.9
"612",17.4,4.2,11,11.4,11.9,100,1.4,100,1
"613",15.2,1,21.5,11.2,92,13.3,1,21.3,1
"614",13.1,6.7,34.7,14.2,22.7,9,38.6,70.9,2.7
"616",21.5,17.8,27.1,6.5,23,12.9,2.1,9.1,30.2
"617",23,17.1,18.5,13.3,38,10.4,7.9,12.4,8.1
"618",11.5,18.2,5.8,8,100,3.5,1.2,15.3,1.1
"619",15.6,18.7,8.7,10.2,32.8,19.4,52.7,18,27.6
"620",6.4,1.5,8.6,9.4,57.8,89.8,1,100,1
"621",5.7,43,4.6,7.9,70,4.3,1.4,4.7,4.1
"622",15.3,1.7,41,14.5,36.9,43.1,1,5.2,26.3
"623",12.4,1.6,12.2,10.1,33.5,90.5,1,94.1,1
"624",5.9,53.6,2.5,10.1,46,13.9,6.1,4.8,3.2
"625",2.7,52.4,2.9,12.2,4.7,37.5,1.2,91.4,1.1
"626",10.4,8.5,43.7,15.6,6.3,94.7,2.4,32.2,1.4
"627",12.9,22.8,11.8,28,6.5,25.1,78.1,1.9,37.8
"628",20,6.3,9.5,48.9,35.6,4.5,59.3,10.7,17.2
"629",19.4,17.4,6.4,7,34.7,2.5,73.6,3.8,21.2
"631",15.5,17.4,15.4,8.3,65.1,6.2,1.1,13.7,5
"632",20.5,21.5,12.9,38.4,19.3,12,9.1,18.3,15.9
"633",5.6,42.9,2.1,7.3,9.4,36.7,9.6,85.2,5
"634",15,8.6,17.9,9.5,29.6,33.3,54,19.5,23.7
"635",15.2,3.8,68.4,8.7,8.1,24.7,2,10.2,2.2
"636",9.2,2.5,27.6,13,46.8,90.8,1,19.7,9.7
"638",25.3,14.6,4.2,7,4.4,16.8,86.3,17.6,17.2
"639",11.6,16.4,13.9,9.3,38.3,15.7,57.5,4,33.8
"640",10.6,1.8,3.5,8.2,94.9,14.1,5.1,66.1,1.2
"641",5,47.6,1.5,8,11,74.8,11.1,26.3,1.9
"642",17.4,1.1,13.1,11.8,79.8,20.2,1,24.3,1.1
"643",9.3,16.3,5.5,8,14.6,100,1.1,95,1.1
"644",7,28.5,4.6,11.8,11,25.3,36.5,71.9,31
"645",3.9,27.5,6.1,9.9,14,84.5,1.9,69.9,20.5
"647",15.9,2.8,14.9,24.7,44.3,6,1.2,91.7,1.1
"648",19.5,1.6,17.3,35.3,72.9,1.9,1.2,4,1.2
"649",8.7,18.1,7.3,21.6,8.2,63.8,20.1,93.2,3.4
"650",13.9,34,10.9,29.2,4.5,8.5,34,9.3,27.8
"651",8.7,50.3,3.2,13.9,2.3,3.9,21.4,3.8,57.4
"652",9.6,34.3,10.6,17.2,16.3,34.5,17.9,5.1,33.5
"653",3.6,33.1,4.8,20.4,2.3,87.6,6.1,75.1,6.4
"654",10.4,13.9,29.2,8.1,14.4,1.6,62.6,1.6,50.9
"655",15.5,1.8,35.1,64.9,11.7,65.6,1,1.5,1.2
"656",4.7,38.6,3.4,6.9,3.2,71.2,9.3,66.2,11
"657",12.9,9.6,11.4,32,27.6,49.5,48.5,25,3.5
"659",13.1,30.1,7.4,14.1,19.6,14.2,13.5,3.9,51.8
"660",9.8,39.4,5.3,8.8,10,26.4,36.3,24.2,15
"661",9.5,23.5,6.4,10.5,19.5,46.1,27.1,49.5,9.6
"662",9.8,16.3,4.3,17.4,49.9,26.2,1.4,70.6,1.5
"663",18.8,14.2,14.8,10.8,4.9,35.1,15.5,8.2,62.8
"664",6,2,12,9.5,60.6,99,1,38.3,2.6
"665",21.3,10.9,9.5,18.3,12.3,46.9,15.2,28.4,19.2
"666",10.5,3.2,28.2,10.4,35.5,78.9,1,26.4,7.8
"667",5.6,14.3,4.8,15.8,8.3,85.1,20.6,99.6,8.6
"668",20.2,11.8,24.1,20.4,27.6,7.9,2.2,5.6,20.1
"669",16.6,1.9,16.5,8.2,19.4,92.5,6.3,47.7,2.5
"670",11,11.7,54.8,29.8,10.6,13.3,1.2,3.8,7
"671",8.7,1.2,22,49.4,81.5,10.5,1.2,2.5,1
"672",9.3,42.4,2.3,6,3.6,6.9,27.3,5.9,66
"673",16.8,1.4,34,22,36.6,24,1.2,1.7,24.8
"674",6.7,37.4,2,7.5,16.6,7.6,38.6,22.5,47.2
"675",17.7,3.3,18,12.7,17.8,100,1.3,25,1.1
"676",10.9,21.8,13.9,28.5,3.1,21.6,16.8,46,35.8
"677",10.4,8.5,11.5,4.9,88.5,8.5,2.8,23.4,1.6
"678",17.3,3.7,10.3,16.9,30.4,10.6,39.6,68,3.5
"679",4.5,10.6,4.2,12.8,4.6,91.9,41.1,100,12.7
"681",23.2,1.2,17,12.1,47.8,38,1,2.8,1
"682",15.6,1.6,3.1,7.7,100,9.1,1,18,1
"683",21,4.2,45.1,35.6,10.5,2,1.3,2.7,5.6
"684",7.5,61.4,2.6,11.7,13,2.7,2.8,1.8,3.6
"685",9.4,8,2.3,12,13,95.1,13.3,97.5,6.3
"686",27.3,6.6,39.6,8.7,4.9,10.4,5.3,1.6,1.8
"687",5.7,54.9,10.4,13.4,5.1,1.2,6.4,1.8,27.6
"688",6.2,58.5,2.3,11.1,16.8,6.7,10.4,2.7,3.8
"689",19.2,2.3,38.6,28,33.4,1.5,2.9,5.1,1.9
"690",6.5,14.7,8,9.8,75.5,7.9,3.6,49.9,1.1
"691",10.9,26.1,11.5,13.6,18.9,20.9,40.6,3.7,24.1
"692",5.1,64.3,2.7,8.2,16.6,1.2,1,1.1,2.6
"693",10.9,11.7,15.3,12.4,72.9,8.8,1.4,14.4,3
"694",19.1,1.3,31.1,51.4,31.6,5.5,1,2.4,7.4
"695",32.7,7.6,5.7,25.6,12.4,7.1,24.7,1.8,13.7
"696",28.6,10.1,3.8,9.5,10.9,2.2,36,1.6,46.3
"697",12.3,25.8,7.6,20,21,6,32.1,10.8,31.3
"698",21.3,2.6,44.9,30.3,11.7,1.7,2.1,1,11.6
"699",6.7,40.3,13,11.3,3.1,35.9,5.2,43.6,1.8
"700",11.9,45.5,3.6,12.9,4,6.4,37.6,7.6,4
"701",12.6,1.4,17.9,9.9,66,3.1,1.6,58.8,1.1
"702",10,1.4,3.7,7.6,84.4,6.7,1,69.9,6.1
"703",16.8,10.9,8.4,8.6,62.3,7.5,2.5,5.2,18.8
"704",11,9.5,8.8,9.4,9.2,26.6,54.7,64.5,35.8
"705",23.9,7.8,16.8,30.8,13.2,5,31.1,11.3,10.2
"706",31,4.3,33.9,9.6,4.2,3.9,3.9,1.3,5.2
"707",23.5,16.1,10.3,8.1,13,2.8,38,6,23.2
"708",5.4,11,6.1,16.5,100,5.4,5.5,13.5,2.3
"709",14.5,6.3,17.3,17,22,100,8.3,2,2.8
"710",13.4,2.7,18.8,18.2,16.5,80.1,1.1,51.3,1.1
"711",3.8,64.8,1.5,17.1,9.8,1.5,1.2,3.2,2.5
"712",22.8,2.9,17.2,7.2,14.2,24,12.2,60.2,3
"713",26.4,4.2,19.1,34.7,3,6.4,36.1,15.7,3.4
"714",7.8,30.4,11.3,7.2,55.1,1.2,3,3.3,4.9
"715",14.4,2.7,43.4,27.5,21,9.5,1.1,2.4,22.5
"716",15.8,25,4,7.4,12.2,12.6,57.3,12.1,13.4
"717",10.6,18.1,13.1,10.8,13.4,59.4,6.2,15.9,38.7
"718",4.6,24.9,6.9,14.4,23,63.8,5.9,24.8,32.7
"719",12.9,6,6.7,16.3,5.9,78.4,1.9,100,1.9
"720",7.6,34.6,6.5,12.3,2.4,34.1,15,57.6,4.1
"721",22.4,1.9,25.4,30.2,10.2,25,22.2,5.6,7
"723",16.7,9.7,10.7,5.1,65.8,8.2,2.9,7.4,3.1
"724",12.5,18.8,7.9,18.3,26.4,3.4,48.1,5.7,23
"725",4.2,34.6,10.2,11.8,5.1,18.4,84.9,1.6,6.8
"726",6,49.1,2.8,6.9,11,3.9,40.9,4.8,6.5
"727",15.8,21.8,3,7.8,5.2,32.8,42.6,39.7,5.6
"728",13.7,11.4,3.6,10.2,6.4,28.9,93.1,28.4,17.2
"729",17.8,5.3,5.2,56.7,4.3,2.9,95.4,4.3,16.1
"730",8.4,4.9,6.3,8.4,100,3.6,2.3,9,15.2
"731",17.7,24,8.6,18.3,11.2,12.5,8.9,4.5,30.7
"732",15.8,5,8.7,12.6,29.7,7,59.5,7,38.4
"733",3.9,10.7,3.2,9.2,23.9,100,1.1,89.4,1.2
"734",5.7,17.4,8.3,10,6.1,81.2,23.3,50.1,18.4
"735",3.8,63.3,3.4,8.2,12,1.6,1,1,1
"736",18.5,4.7,24.5,9.8,16.4,13.9,9.9,31.6,22
"737",16.1,1.5,33.7,18.9,47,1.1,1.4,2.5,1.4
"738",13.1,2.3,61.5,35.1,4.5,4.6,1,1.6,1.1
"739",11.4,6.3,4.3,4.7,97,5,7.2,1.5,4.5
"740",12.5,33.2,2.6,8.3,8.6,2.1,16,15.1,49.4
"741",14.3,8.9,19.4,25,15.2,2.5,25.4,18.8,40.8
"742",20.4,2.1,40.2,9.8,8.7,2.6,6.9,1.1,33.5
"744",14.4,2.1,16.3,27.3,54.1,3.1,12.9,8.4,16.7
"747",5.8,49.5,11.9,5.7,1.6,3.2,19.1,1.1,21.6
"748",12.8,27.8,2.9,6.8,4.2,5,64.5,2.2,37.5
"749",14.2,9.8,52.3,14.6,5.3,2.9,5.2,1.3,4.9
"750",9.2,10.8,9.4,8.9,8.4,48.4,24.8,75.8,21.6
"751",12.8,3,8,8.3,31.7,100,1,31,1
"753",24.3,2.5,21.8,19.3,6.2,4.8,5.2,1.3,51.5
"754",9.9,14.5,6.8,10.4,8.4,48.1,56.2,24.4,24.4
"755",11.4,2.9,28.2,18.5,19.7,16.4,1.4,59.9,15.2
"757",14,1.1,43.7,18.8,31.2,11.3,1,1.6,1
"758",17.3,16.3,11.8,14.8,1.6,37.1,19.7,11.6,27.3
"759",8.1,25,25,70.5,2.4,2,1.1,3.5,10.5
"760",6.9,34.3,2.5,6.9,57.8,2.5,1.8,3.4,1.3
"761",16.2,4.2,4.7,44.8,23.8,1.5,74.2,2.7,19.2
"762",7.8,12.3,3.2,15.4,64.7,12.5,41.9,4.8,6.4
"763",20.4,6,22.7,13.8,10.1,3.2,27,3.4,31.6
"764",12.8,2.2,5.1,7.8,43,100,7.8,10.2,1.1
"765",14,31.1,7.5,9.1,5.5,16.8,16.2,22.6,6.1
"768",7.3,14.6,13.8,10.4,49.1,5.7,3,50.2,1.8
"769",6.7,13.7,16.5,12.4,43.1,15.9,39.2,3.2,12
"770",11.5,1.3,43.4,8.1,21.1,34.1,1.1,15.1,2.8
"771",14.1,3.4,5.2,32.8,55.8,4.1,13,30.5,4.1
"772",11.1,19.3,5.2,28.6,15.5,26.3,2.2,46.8,15.4
"773",5.8,3.4,4.4,4.7,59.7,9.6,46.5,66,1.1
"774",8.3,42.4,12.6,8,7.3,24.2,2.1,1.7,1
"775",13.4,1.1,24.1,49.5,45.6,6.7,1,3.7,1.2
"776",11.8,1.2,11.8,13,82.6,17.9,1,1.9,1
"777",11.5,11.8,5.2,11.5,11.4,36.4,54.9,42.2,9.2
"778",10.3,23.6,2.7,6.7,7.1,17.1,77.3,13.9,15.6
"779",8.6,41.8,4.5,9.4,5.3,4.2,23.2,6,23.9
"780",8.4,15.8,7,11.2,8.9,56.2,27.6,54.2,9.1
"783",6.7,27.1,4.3,10.5,15.2,53.1,11.6,33.2,3.1
"784",14.6,1.2,20.9,11.6,53,8.5,1,15.5,4.4
"787",13.6,13.7,9.6,30.2,11.8,4.8,11.1,44.1,23
"788",3.6,12,2.7,7.2,99,3.3,1,13,1.1
"789",10.1,28.3,7.1,9.9,15.2,23.6,5.9,9.7,28.4
"791",16.2,4.1,22.8,33.3,30,3,1.2,15.6,3
"792",1.6,39,2.4,10.7,16.9,64.7,2.6,8.6,1.2
"793",17.2,1.4,33.9,15,15.7,22.8,1,2.8,13.1
"795",8.3,38.1,2.3,6.2,26.3,2.5,15.3,1.6,9.8
"796",12.6,2.8,14.3,30.1,49.6,6,5.8,21.2,7.5
"797",19.4,2,39.1,11.3,15.4,6.7,1,3.3,3.7
"798",3.9,50.4,2.1,8.8,6.8,2.6,9,6.9,24.8
"799",8.9,5.7,44.8,16.8,16.4,1.1,2.1,3.6,27.3
"800",12.1,24,17.7,8.4,2.7,1.5,12.4,5.1,41.1
"801",6.8,2.3,5.9,10.4,9.3,72.9,1,100,1.6
"802",5.1,1,3.3,11.8,92.1,26,1,5.2,1
"803",7.2,19,8.5,17.4,7.4,23.9,14.3,7.8,53.4
"804",8.3,13.5,10.5,8.1,4.7,70.2,3.2,43.2,4.7
"805",16.4,4.2,13.7,23.1,4.7,7.7,42.6,4,48.4
"807",8.3,26.6,3.5,8.9,42.9,4.8,1.7,2.9,2.9
"809",5,8.6,6,10.3,7,31.7,10.5,74,53.4
"810",5.3,25.3,1.4,5.3,55.9,1.6,26.1,2.9,7
"811",3,18.3,5.3,14.9,23.4,14.2,1.2,72.6,33.2
"812",5.5,7.6,4.8,10.5,5.8,75.3,8.8,97.5,4.9
"813",4.9,10.4,4.2,10.8,4.1,73.8,5.9,87.9,2.9
"814",8.1,1.8,2.3,6.3,75.5,17.9,2.7,32,1.9
"815",9.7,1.2,2.6,43.4,76,1.9,1.2,3.5,1.1
"816",8.8,1.9,5.3,8,45.1,100,2.2,2.8,1
"817",11.3,6.8,21.8,8.4,31.5,3.3,16.9,24.1,1.9
"818",9.4,13.8,9.3,9.9,59,7.7,2.8,9.8,2.3
"819",9.7,16.2,8.3,17.2,7.1,10.1,15.5,4.1,70.7
"820",10,12.6,9.2,9,8.7,89.4,4.7,15.6,4.7
"821",6.9,6.2,2.2,8.3,84.2,6.5,11.8,4.2,2
"822",4.7,47.3,2.6,5.3,13.1,5.7,4.5,3.2,1.5
"823",7.1,13,9.1,12.7,5.2,5.8,88.2,2.4,49.7
"824",5.8,5.2,1.8,8.2,98,3.2,1.7,5.4,1.1
"825",5.1,2.6,9.4,7.8,2.4,99.6,1,99.6,1
"826",11,15.3,11.8,13.7,5,8.5,20.3,7.1,56.1
"827",13.6,32.9,6.7,7.8,13.3,5.8,6,9.5,1.8
"828",25.1,1.6,14.4,22.5,17.5,8.4,8.3,2.5,4.1
"829",6.8,2.1,32.6,18,48.1,8,1,4.4,1
"830",9.3,1.6,15.4,18.2,69.9,4.9,1.2,2.1,3.3
"831",14.4,2.3,10.7,11,36.1,56.9,1.5,2,7.8
"832",10,5.9,50.6,10.1,3.7,15.8,9.5,1.9,7.9
"833",26.1,4.2,14.5,11.5,8.4,11.9,15.3,1.6,9.4
"834",19.6,8,4.4,8.2,19,4.4,18,2,57.4
"835",17.2,1.4,34.5,14,10.5,6.2,1.1,1.5,14.5
"836",6.9,20.1,6.8,14.3,19.9,56.2,3.2,8.4,7.5
"837",12.9,5.1,36.4,9.7,11.1,8.4,2.1,3.3,30.7
"839",13.4,8,6.2,5.5,22.9,4.6,41.8,14,29.9
"840",4.9,2,13,8.2,83.8,12.6,1,21.8,1
"841",15.7,20.3,4.3,38.8,5.6,25.9,3.2,1.1,1.9
"842",4.2,10,4.5,17.3,13,100,1,64.5,1
"843",11.9,37.9,2.8,7.8,16.3,2,1.4,2,1.3
"844",12.5,6.1,17.8,59.8,5.1,12.5,21.5,5.3,13.7
"845",11.9,27.5,4.9,7.6,11.5,5.9,2.3,9.6,40.2
"846",13.2,2.7,8.8,9.6,38.1,9.1,4.8,62.4,3
"847",7.9,31.9,2.1,5.4,4.8,3.4,64.8,1.8,7.6
"848",11.5,1.3,33.5,12.5,15.7,41.4,1,8.2,1.1
"849",8.7,40,2.9,6.9,4.8,4.7,32,3.6,14.7
"850",9,7.3,16.7,11.5,40.9,15.8,4.7,38.8,1.9
"851",11,2.1,20.6,11.4,38.5,15.1,2.4,40.2,1.6
"852",3.3,10.3,2.6,8.5,97.7,4.1,1.1,2.4,1
"853",8.4,1.1,6.8,12.1,80.6,8.2,1,18.4,2.1
"855",3.9,49.2,2.2,10.4,10,5,1.1,1.8,1.2
"856",11.7,27.4,3.1,6.1,4.8,2.8,30.4,2.6,25.1
"857",11.7,14.3,5,6,44,11.4,1.7,6.5,4
"858",11.7,10.6,8,8,45.3,8.2,1.6,10.7,2.1
"859",8.3,16.7,10.8,11.1,12.9,8.3,36.4,4.5,32.1
"860",3.4,6.5,2.7,7.4,41.9,54.3,8.1,45.1,9.6
"861",9.2,11.8,14.4,8.6,36.3,3.3,11.8,7.1,14.9
"862",11.7,20.3,13.6,16.1,4.9,10.5,17,7.4,11.8
"863",10.7,4.3,7.3,14,9.3,100,1,23.3,1.9
"864",4.1,48.7,1.8,5.9,6.3,4,2.8,1.6,4
"865",9.3,12.1,4.4,7.9,60.8,9.2,2.4,5.8,1.4
"866",8.9,20,8,13,12,24,19,5.2,26.1
"867",13.7,1.2,19.9,11.9,32.4,22.2,1,7.3,1
"868",15,2.4,8.6,7.5,11.4,99.2,3.1,2,1.1
"869",13.6,2.2,8.3,51.3,6.4,30.4,10.9,21,18.8
"871",3.5,5.6,2.9,11.1,8.3,78.2,2.3,95.9,1.1
"872",4.4,32.1,4.2,8.6,26,19.6,8.3,9.4,3.2
"873",5.2,1.7,2.5,4.7,95.8,3.2,1.2,18.2,1
"874",4.9,4.6,3.3,9.2,88.1,4.2,1.2,3.3,3
"875",12.1,2.3,48.4,13.3,5.6,12.2,1.1,2.4,1.1
"876",8.4,15.1,9.7,16.6,10.7,37.3,23.4,4.3,20.9
"877",5.1,3.6,3.6,13,55.5,2,3.3,63.8,1.3
"878",3.8,17,4,8.7,5.3,61.2,1,76,1
"880",7.6,1.8,3.6,6.6,77.8,3.5,5.1,23.1,11.7
"881",12.1,3.1,12.4,13.1,12.6,32.7,5,39.6,16.9
"882",13.6,7.4,13.8,9.1,22.2,20.2,17,19.1,4.4
"883",12.2,1.2,12.4,13.1,57,8.7,1,2.6,1.2
"884",5.7,1.2,1.1,14.6,99.9,1.1,1.1,1.3,1
"885",20.3,1.3,9.2,8.5,19.6,2.4,7.5,1.1,37.8
"886",11.9,3.2,25.4,17.1,17.9,34.5,1,8.2,1
"887",6.5,38.6,2.4,8.4,2.4,2.5,26.8,3.5,17.8
"888",15.5,4.2,13.8,34.7,6.5,2.8,28.7,1.9,27.8
"889",3.6,6.7,3.5,12,3.5,74.2,2.1,100,1.1
"890",4.7,5.6,4.8,12,6.4,63.4,11.2,99.5,2.7
"891",6.1,11.3,5.1,8.9,9.1,64.6,9.6,30.1,37.5
"892",5.3,6.5,5.2,47.4,38.2,15.1,35.4,11.2,2.3
"893",7,6.7,6.7,52.1,30.8,1.9,16.1,14.3,31.3
"894",8.3,29.4,2.5,1,12.7,1.4,30.7,4.4,23.2
"895",10.9,27.5,2.4,5.1,5.1,2.4,53.3,1.9,9.7
"896",9.4,34.6,2.7,10.2,2.6,2,35.1,6.3,3.7
"897",7.4,7.8,4,11.8,6.7,38.1,20.8,70.1,9.8
"899",7.1,1.2,3.5,27.4,71.3,12.5,1,24.5,1
"900",11.2,21.3,12.2,10.2,6.5,19,13.3,2.2,9.7
"902",3.9,27.5,5.7,11.8,17.1,42.7,1.7,24.2,1.3
"904",9.2,7,15.2,8.8,37.3,2.7,13.2,4.5,2.5
"905",21.5,1.9,13.1,13.5,5,1.7,28.7,5,2.7
"906",18.5,2.7,11.7,15.4,8.1,2.5,32.4,5.4,16.1
"907",5.9,38.7,1.8,7.9,3.3,9.5,12,3.5,2.3
"908",7.4,17.7,33.3,15.7,1.6,1.7,1,3.3,4.1
"909",10.1,28.8,4.2,8.2,16,5,2.6,10.6,1.7
"910",8.3,15.6,10.6,21.4,25.7,6.9,2.5,6.8,8.1
"911",11.6,1.2,6.3,12.6,59.9,17.3,1,2.7,1.6
"912",4,37.9,1.5,6.2,26.9,2.3,1.9,3.4,1.3
"913",2.6,6.9,1.9,4.2,94,4.2,1,2.7,1
"914",7.6,12.3,3.1,8.1,56,5.9,3.1,3.4,1.9
"915",5.5,3.2,2.9,14,4.5,60.8,1,100,1
"916",8.7,8,29.6,13.1,21.3,7.4,1.6,3,2.5
"917",6.4,3.9,8.6,8.7,48.8,10.4,13.1,37.1,1.3
"918",13,5.2,26.2,4.2,18.2,4.5,1.1,3.9,8.3
"920",7.5,4.8,3,8.2,48.7,3.4,51.1,4.8,2
"921",10.4,2,3.7,8.2,21.9,98.2,1,5.2,1
"922",4.5,2.6,13.8,8,24.9,84.2,1,21.9,1
"923",5.5,40.5,1.9,5.9,9.9,3.3,9.4,2,4.9
"924",8.9,8.4,3.9,8.2,62.1,5.6,3.6,6.3,1.6
"925",16.8,1.3,28.7,15.5,10.5,16.9,1.1,1.6,1.2
"926",20.1,3.2,7.1,7.7,16.4,4.9,4,1.9,42.6
"927",8,4.5,19.5,11.7,10.7,42.1,1,39.9,1
"928",7.2,1.6,2.9,8.8,30.6,98.4,8.2,8.6,1.5
"930",6.7,1.8,14.1,11.7,14.4,16.9,1,86.4,4.1
"931",3.5,4.9,11.7,9.8,5.4,63.9,1.5,76.7,1.2
"932",5.5,1.1,3.8,12.5,59.3,9.6,1,55.6,1
"933",4.6,2.3,2.2,10.6,81.8,2.8,1.1,14.3,3.3
"934",12.1,2.1,19.9,12.5,21.3,35.2,1,12,5.9
"936",5.1,1.2,7.4,5.1,88.4,2.8,1,4.2,1
"937",23.1,2.6,14.5,7.6,4.1,8.6,4.8,1.3,24.8
"938",5.5,1.7,9.7,12.5,74.3,4.7,1,2.5,1.2
"940",13.3,6.5,11.1,29.3,13.9,9.1,1.6,26.3,9.7
"941",8.3,17,5.4,7,8.6,2.3,35.3,4.1,42.6
"942",17.5,14.9,6.9,5.8,2.1,9,18.2,4.6,8.4
"944",5.9,4.4,5.8,8.9,11.5,37,16.7,81.6,1.5
"945",5.3,11.1,7.5,23.1,45.7,2.4,3.3,5.6,18.8
"946",12.6,5.7,2.8,5.5,32.5,3.7,42,8.3,9.4
"948",3.3,12.8,3.2,14.6,53.2,3.3,14.5,2.5,20.3
"949",14.8,4.2,14.4,12.1,28.4,5,7.7,7.6,7.3
"950",6.4,21.5,6.2,14.1,11.7,6.5,25.4,5.2,20.3
"951",11.9,5.3,17.2,8.4,32.7,3.3,8.4,5.3,1.8
"952",14.6,8.2,3.8,8.1,8.4,21.2,32.8,7.7,6.5
"953",9.1,17.3,14.4,24,7.3,1.8,2.2,2.6,7.9
"954",9,11.4,6,14.5,12.6,12.4,17.2,10.6,28.6
"955",6.3,7.3,2.5,7.9,67.4,5.3,1.1,3.7,1.1
"956",3.8,4.7,2.2,7.9,82,4.5,1,3.7,1
"957",7.7,17,6.1,7.7,15.4,29.4,2.6,5.8,8.5
"959",8,20.7,2.6,7.2,34.7,3.5,2,4.4,3.8
"960",16.4,4.1,12.1,9.7,8.1,6.9,3.3,2.7,29.9
"961",13.1,7.6,7.2,8.4,14,12.5,1.6,3.5,49.4
"962",8.1,1.8,14.8,14,37.2,1.9,1.1,1.6,22.7
"963",10.2,4.6,4.7,79.5,3.4,10.3,17.8,8.2,9.2
"964",9.6,4,7,11.3,46.4,1.7,13,7.1,1.7
"965",5.9,3.5,11.9,14.8,17.7,75.2,1,19.8,1.2
"967",6.6,1.5,13.1,8.7,51.1,25.1,1,1.2,1.5
"968",5.7,1.8,3.5,9.4,49.4,4.6,1.1,49.2,1.2
"969",6.7,29.1,12.3,6.9,4,1.6,8.5,1.7,1.9
"970",9.3,3,4.2,5.1,39.4,9.7,36.6,16.4,1.3
"971",5.6,2.3,5.7,9.7,42.4,2.9,1.2,63.1,3.4
"972",8.4,1.4,33.8,12.4,23.2,6.8,1,2,1.9
"973",3.8,36.9,4,8.7,7.9,3.7,1.6,1.6,1.2
"974",9.7,12.8,19,13.3,5.9,8.9,8.8,2.7,16.3
"975",12.6,14.3,5.4,8.8,28.7,6.9,2.3,6.3,1.1
"976",8.9,9.6,2,7.5,15.5,2,35.3,4.5,55.2
"977",8.3,1.9,13.1,9.5,39.9,26.1,1,5.3,1
"978",15,3,24.5,9.1,9,12.4,1.2,2.3,1.1
"980",15,4.7,22.2,8.4,8.6,14.3,2.8,3.1,1.2
"981",24.4,1.6,15.5,8.5,7.3,1.4,5.8,1.5,2.2
"984",9.7,2.3,10.4,8.4,54.9,1.2,2.3,1.2,9.8
"985",7.3,4.1,9.4,9.3,6.4,15.3,13.7,14.8,60.4
"986",17.2,2.9,21.2,11.6,11.6,1.8,1,1,1
"987",8.8,1.1,30.7,14.1,23.8,2.7,1,3.9,1
"988",8,4.8,2.6,27.3,20.8,21.9,50.2,5.1,8.3
"989",14,5.4,3,6.4,1.5,29.4,13.6,52.3,1
"990",11.9,2.5,11,9.6,25,21,1.1,28.7,6.6
"991",9.5,1.5,11.4,31.4,30.9,1.8,14.1,1.1,14.2
"992",10.7,2.1,7.6,6.8,7.3,87.6,1.3,11.4,3
"993",5.7,25.7,2,4.7,3.9,6.2,49.6,5.7,3.3
"994",11.5,3.8,7,10,32.1,4.6,28,2.3,2.6
"995",10.5,5.1,9.4,64.1,1.8,4.9,28.9,1.8,9.7
"996",11.7,3.2,4.3,11.8,39.7,4.2,26.7,12.8,2.4
"997",10.9,25.4,6.3,9.1,2.3,2.9,8.1,5.5,14.5
"999",12.1,8.2,10,9.2,37.2,3.2,1.3,5.8,1.4
"1000",8.4,15.1,7.8,11.7,4.2,26.4,40.5,4,4.9
"1001",16.9,2,26.4,21.6,7,2.8,2.3,1.2,3.4
"1002",13.5,2.3,21.1,20.8,9.4,4.7,10.7,1.2,6.1
"1003",5.5,23.3,3.2,4.5,14.3,39.8,2.5,6.1,1.3
"1004",8.1,9.3,21.5,10.6,5.1,8.7,2,21.6,24.4
"1005",9.6,8.3,18.3,16.2,16.7,8.8,2,9.4,12.7
"1009",4.2,1.6,10.7,12.3,11.3,55.1,1.1,34.5,1
"1010",9.7,10.2,2.5,6.1,20.8,1.2,5,1.7,17.1
"1011",8.5,5.9,7.6,9.1,10.6,3.8,22.4,21.8,1.9
"1012",4.8,5.2,4.1,4.5,25.3,37,1.4,1.7,1.1
"1013",6.4,2.2,16.5,10.9,7.3,36.2,1.3,25,3.1
"1014",5.3,1.5,5.8,11.4,32.6,6.9,1.1,26.8,1.1
"1015",11.2,2.3,6.9,6.9,12.3,15.5,10.7,4,1.9
"1016",10.1,1.2,9.4,10.4,22,7,1,2.6,1.4
"1017",9.6,1.4,3.2,9.6,33.9,2.1,1.1,1.7,1
"1018",12.1,7.8,6.5,6.3,15.9,1.2,15.3,1.6,4.1
"1019",6.1,8.3,16.8,12.8,11.7,2.4,3.5,3.8,3.8
"1020",6.6,1.5,2.5,7.8,27.3,20.7,1,28,1
"1022",11,1.9,16.1,13.8,20.6,25.6,1,4.5,1.1
"1023",6.8,16.9,4.8,10.8,6.2,8,1.6,9.9,3.9
"1024",5.8,3.1,4.6,11.3,7.6,43.5,1.4,76.5,1.3
"1025",10.6,1.9,29.1,9.6,12.4,2.5,1.1,1.4,1.1
"1026",7,13.3,5.3,22,4.6,1.3,8.2,3.3,7
"1027",5.7,4.1,2.1,8.6,5.8,35.9,1,72.8,1
"1028",6.3,1.6,2.5,7.9,44.5,6.4,1,5.4,1.1
"1029",5.8,15.1,5.2,19.2,4.4,4.4,1,7.2,3.2
"1030",5.4,8.6,2.8,4.5,30.6,7,1.9,4.3,1.1
"1031",10.9,3.1,16,5.5,4.8,7.8,1.2,37.5,1.1
"1032",11.4,4.4,23.7,8.8,19.6,2.1,1.6,2,1.4
"1033",4.8,2.8,3.5,6.8,68.9,4.5,1,5.8,1
"1034",9,2.1,13.7,15.9,5.3,18.6,1.1,4,1
"1035",8.6,3,10.3,8.5,13.8,1.3,10.6,3.3,17.2
"1036",6.3,3.3,17.6,10.6,16.6,6.7,1.1,1.9,1.1
"1037",12.9,2.7,9.1,11.9,19.2,13,1.4,1.7,23
"1039",5.5,1.6,7.8,33.4,37.1,4.1,1.9,13.1,5.2
"1040",6.4,5.9,7.3,24.7,15.4,7.8,1.5,14.6,1.3
"1042",4.5,1.8,27.8,8.8,31.4,6.9,1,14.7,1.6
"1043",16.4,4,11.3,14.5,5.5,1.1,14.4,2.8,14.5
"1044",7.1,4.8,13.4,10.6,18.8,44.1,1.1,14.4,1
"1045",5.5,6.5,4.9,11.2,4.4,31.4,2.4,37.5,14
"1046",4.6,23,2,6.2,14.6,2.5,2.1,2,1.3
"1047",4.2,8.5,12.6,9.3,6.1,18.5,1,9.1,1
"1048",6.5,3.4,7.7,16.1,46.7,1.1,2.6,3.8,1.2
"1049",5.6,2.9,4,5.5,34.1,1.9,8.5,29.1,1.4
"1050",10.6,1.4,4.8,5.6,14.8,46.6,1.8,2.9,1
"1052",4.9,1.7,13.2,13.5,17.9,76.6,1,6,1
"1055",6.1,3.9,2.9,7.2,65.8,4,1.8,3,1.3
"1056",5.8,8.9,5.4,6,20,4,1.7,2.5,17.6
"1057",6.5,1,6.7,12.1,35.5,6.7,1,4.4,1.8
"1058",13.1,1.4,22.6,12.2,20,5.3,1,2.1,1
"1059",5,1.4,3.6,7.8,23.1,2.5,1,44,1
"1060",5.9,15.1,4.1,10.4,6.6,27.2,7.5,4.8,4.4
"1061",5.2,3.5,4,6.5,28.8,5.5,1,21,1
"1062",6.4,12.9,4,7.8,16.2,11,1,7.9,1.1
"1063",4.7,23,5.4,8,11.3,9,1.1,4.6,1
"1064",4.4,8.1,8,11.5,4.4,35.2,2.2,18,1.6
"1065",8.8,2.1,3.7,8.5,45.9,2.2,1.3,21.9,5.9
"1066",5.4,8.3,3.7,8.4,42.4,4.2,7.8,3.5,3.9
"1067",12.9,2.4,8.1,9.6,3.2,5.8,33.5,4.1,19.9
"1068",7.4,1.7,24.5,16,4.9,10.1,1.5,5.3,1.1
"1069",6,18.4,5.8,10.8,6.7,15.7,9.2,3.2,11.7
"1070",8.8,5.8,17.6,9.1,11.6,16.3,1.3,23.5,1.3
"1071",3.7,1.3,5.3,9.3,43.7,33,1,4,1
"1072",7.6,1.7,8.9,8.7,10.1,10.1,1,43.6,1.7
"1073",5.3,4.2,9.5,21.7,14.3,12.5,1,27.8,8.4
"1075",5.2,1.2,11.6,12.7,39.9,2.2,1,1.4,1.3
"1076",6.5,12.2,6,9.1,4.8,2.8,7.4,2.4,12.4
"1077",4.7,14.3,1.5,5.9,50.9,3.8,3,2.8,2.7
"1078",6.8,1.8,5.9,9.9,29.1,1.4,1,44.6,1.3
"1079",4.1,1.3,2.6,10.5,47.7,1.8,1,3.6,1
"1080",8.5,14.3,9.3,15.5,5.5,5.5,15.1,3.9,3.9
"1082",12.2,4.6,2.7,6.4,2.9,5.4,6.6,34.8,2.4
"1083",11.3,1.2,11.2,13.8,34.1,4.4,1,1.2,1.2
"1084",7.4,5.9,5.6,7.5,32.6,2.2,5.5,4,1.2
"1085",6.2,7.6,9.4,17.3,19.8,5,7.8,17.7,1.9
"1086",5.2,1.1,6.8,26,49,2,1.1,3,1.1
"1087",3.7,2.2,3.1,12,53.9,19.7,1,20.6,4.1
"1088",5.2,17.1,3,17.8,3.2,6.5,27.1,4.4,23.7
"1089",5,3.9,6.3,8.7,29.1,5.9,1.1,4.1,7.5
"1090",7.4,10,3.8,7.6,10.8,11.1,1,11.9,1
"1091",5.3,1.7,2.5,6.8,17.6,28.2,1,29.6,1
"1092",6.5,4.9,12.1,11.9,10,35,6.7,30.9,2.5
"1093",3.4,12,3.4,7.8,35.1,10.7,1.3,2.9,1.1
"1094",7.8,3.5,3.8,10.4,15.5,45.5,2.4,31.2,7.4
"1095",6.5,6.2,3.6,11.1,27.7,2.4,9,4.4,1.4
"1096",9.7,3.6,7.9,18.2,34.7,2.1,2.6,2.7,1.4
"1097",5,7.3,2.9,6.8,46.6,5.7,1,4.8,1.1
"1098",5.2,8.6,3.8,30.5,28,13,2.7,8.8,1.6
"1099",3.9,19.2,1.7,9,12.6,1.3,5.9,1.7,5.8
"1100",8.1,1.6,24.7,9.2,22.8,4.2,1,6.6,1.3
"1101",5.7,3.2,2.3,4.5,4.1,97.7,2.4,2.3,2.1
"1102",8.7,6.1,5.7,11,6.9,40,9.3,19.3,1.3
"1103",7.5,5.2,2.5,12.8,22.8,1.5,1.7,59.3,1.1
"1104",4.3,4.3,3.2,7.8,45.5,16.4,1.6,10.1,1
"1105",7.4,1.4,9.4,10.4,27,22.3,1,3.6,3.4
"1106",9.4,2.6,17.5,9.1,15.3,3,6.9,2.5,10.6
"1107",3.4,2.9,2.9,9.6,5.7,37.8,1,96.7,1
"1108",5.2,10.4,4.7,10,4.7,2.3,7.9,20.5,34.3
"1109",11.4,3,6.4,7.8,14.4,6,1.6,3.1,1.2
"1110",4.8,6.6,1.9,9,66.3,2.7,1.2,2.4,1
"1111",4.4,5,15,10.1,11.3,19.5,1.2,33.9,1
"1113",11,2.5,11,8.5,6.2,7,7.5,1.5,9.6
"1114",15.6,6.6,10.7,4.7,3.5,16,7.6,1.9,2.2
"1115",4.1,1.4,2.5,6.7,73.5,2.8,1,1.3,1.6
"1117",15.4,1.8,12.5,11.5,2.2,3.4,2.2,1.1,15.4
"1118",3.9,1.4,7.2,7.6,43.2,2.4,1,1.8,2.6
"1119",21.4,1.5,6.5,3.9,4.9,3,1.1,1.1,8.4
"1122",10.3,1.2,27.3,16.1,4.3,3.4,1,2,1.5
"1123",16.2,1.2,12.8,10.4,23,1.3,1.2,1.8,2.3
"1124",12.2,1.4,23.1,9.2,9.9,8.6,1,1.5,1
"1127",9.4,2.1,6.2,46.4,11.4,1.4,2.4,1.5,29.1
"1128",11,5.7,8.6,6.8,6.7,22.5,3.8,1.4,7
"1129",9.8,2.7,20.8,9.2,12.3,8.3,1.7,1.3,1.7
"1130",7.3,3.1,30.8,7.7,3.3,18.2,1,3,1
"1131",18.2,2,15,10,8.1,2.2,1.2,1.4,2.1
"1132",10.3,2.1,25.2,6.4,5.2,4.3,1,1.3,6.2
"1133",3.9,1.1,26.5,9.6,20.1,4.1,1,1.7,1.2
"1135",12.3,1.7,6.2,5.1,21.1,1.9,1.8,15.3,1.6
"1136",5.4,1.1,10.2,21.5,28.6,1.4,1,1.8,3.4
"1139",10.8,1.5,18.3,9.6,12.8,10.4,1.1,2.5,1.1
"1140",10.7,1.1,25.8,9.9,3.3,16.6,1,1.8,1.3
"1142",5.8,7.1,5.6,7.6,25.1,2.8,12,4.6,42.6
"1143",12.4,4.2,2.6,4.6,17.6,1.7,10,1.3,1.6
"1144",12.4,16.1,5.1,3.8,16.3,2.8,6.5,1.7,4
"1145",13,5.5,5.8,5.9,18.8,3.1,3,4,3.8
"1146",3.6,25.3,1.5,4.7,3.3,4.1,5.5,3,1
"1147",3.9,33.5,1.3,6.8,6.1,10.7,2.4,6.7,14.4
"1148",7.2,22,2.5,7.7,10.2,4.7,5.8,4,20.7
"1149",12.5,1.3,9.5,10.2,14.5,4.6,1.1,1.2,1.8
"1150",10.7,1.5,11.5,7.5,13.6,10.3,1,2,7
"1152",4.7,6.5,1.9,8.9,9.7,52.4,5.7,29.1,1.3
"1153",9,5.7,2.6,6.4,6,9.3,36.8,6.9,1.2
"1156",3.7,1.7,1.1,7.9,60.7,1.1,1.2,2.1,1
"1157",10.1,7,2.6,6.7,1.2,28.5,12.5,21.6,1.1
"1158",10.9,6.3,2.5,6.7,5.5,28,12.2,38.2,3.7
"1159",6.4,2.1,9.9,9.8,33.6,8,1.1,3.8,1.1
"1160",7.3,7.5,5.5,9,24.1,2,1.6,4,15.6
"1161",13.6,3.3,10,9.6,7.8,9.8,1.7,4,2
"1162",12.6,3,8.7,8.9,11.9,37.3,1.3,8.7,1.2
"1163",10,9.3,4.6,8.6,10.8,12.9,7.4,6.7,23.7
"1164",9.1,7.7,7,9.4,9.6,8,5,7,11.3
"1165",6.8,11.9,4.3,15.7,6.6,5.1,7.1,3.2,6.2
"1166",11.7,3.1,14.8,44.5,2.5,1.1,1.1,1.3,19.9
"1167",4.8,4.7,3.2,9.3,11.3,30.5,4.4,48.5,3.8
"1169",5,4.5,1.9,10,27.9,41.4,3.4,3,1
"1171",10.4,4.6,15.3,6.9,1.6,3.8,2.6,1.1,12.3
"1173",4.3,8.9,3.2,8.4,36.6,14.5,12.5,2.9,4.1
"1174",4.7,17.5,5.1,9.7,17.8,5.1,2.5,13.5,1.3
"1176",3.5,38.9,2,4.8,3.7,1.8,1.7,1.9,3.4
"1177",5.5,18.7,4.3,10.3,11.4,10.8,5.7,3,11.6
"1178",5.7,14.1,4.5,10.6,5,8.7,14.4,5.5,23
"1179",7,19.3,6.8,25.5,3.4,4.9,9.6,14.7,8.9
"1181",4.8,3.3,2.6,7.8,39.8,11.5,1.1,11.1,1
"1182",3.1,5.1,2.3,67.8,9.4,26.3,5.7,28.6,1.4
"1184",5.6,16.7,2.8,12.7,6.9,5.1,3.3,2.7,58.6
"1185",6.6,4.5,4,22.8,17,1.8,1,20.3,1.1
"1187",6.2,25.2,3,8.8,3.7,13.5,17.6,2.8,5.9
"1188",4.8,15.6,2.1,7.5,5.6,10.5,15.5,5.9,3.4
"1190",3,22.8,2.2,6.1,2.3,2.9,6.4,18.5,7.1
"1192",2.4,12.3,3,15.4,37.8,5.1,1,12.2,1.1
"1193",4.1,1.6,2.3,8.7,39,4.8,1.7,15.2,3
"1194",8.3,13.4,2.7,10.2,8.8,6.6,4.1,3.9,11.8
"1195",3.4,9.4,3.2,8.8,10.4,34.7,3.7,72.1,1.4
"1196",3,23.4,1.4,9.8,25.9,7.7,10.7,4,6.3
"1197",5.7,6.2,1,13.4,56.1,2.5,1.2,2.9,1.1
"1198",6.6,24.4,3.2,9.5,6.3,1.1,23.8,1.7,15.8
"1199",5.4,4.3,10.3,9.4,15.5,8.4,1.8,22,8.4
"1200",6.9,6,5,6.3,20.2,2.4,32.3,7.7,1.9
"1201",5.3,5.8,3.6,17,10.8,32.3,2.2,10.4,1.9
"1202",4.3,5.8,2.1,6.9,5.7,97.5,1.6,3.1,1.8
"1203",4,4.5,1.7,8,43.2,7,1.2,2.7,1.1
"1204",11.9,2.5,14.5,28.4,2.8,7.8,3.9,13.9,1.1
"1205",7,1.4,3,35.2,45.4,5.2,1,1.6,1
"1206",3.7,1.8,2.5,9,8.1,12.5,49.8,3.1,1.8
"1207",4.2,1.4,3.1,7.2,13.3,1.6,1,14.8,1.3
"1208",11.2,1.3,6.8,13.6,11.1,1.5,5.2,10.4,1.2
"1209",8,2.9,8,8,5.3,3.6,1.8,10.9,1.2
"1210",4,2.9,4,10.6,13.8,1.9,1.4,3.1,1.1
"1211",6.9,2,12.3,11.4,5.4,16.3,1,2.7,1
"1212",5.8,1.3,6.3,15.9,8.8,2.1,1,1.1,1.4
"1213",4.9,1.1,3,29.5,27.3,10.1,1,2.7,1.3
"1216",15.3,2,6.5,6.5,3.2,2.9,1.3,1.3,3
"1217",6.3,2.7,9.4,16.8,4.9,14.3,1.2,4.3,1
"1218",5.7,2.2,4.5,6.8,23.1,2.8,1,2.6,1.4
"1219",4.1,15.1,6.8,8.7,2.4,2.2,2.5,18.8,2
"1221",4.7,1.2,2.7,9.1,18.1,4.2,1,4.8,1
"1223",5.6,3.5,6.7,7.9,4.2,6.7,1,5.7,3.3
"1224",3.7,1.2,27.6,9.2,9.1,4,1,1.5,1
"1225",4.8,1.9,4.6,8.1,20.3,4.3,1.3,3.2,1.7
"1229",8,2.4,16.5,10.1,3.9,4.8,1,2,2
"1230",5.1,1.2,4.2,64,1.1,1.6,1,3.9,1.1
"1231",5.7,2.4,5.9,7.5,2.9,3.2,2.1,6.2,16.7
"1232",5.8,2.5,14.6,10.5,3.1,1.3,1,1,1
"1233",3.9,4.9,3.1,7.5,1.9,3.5,3,6.5,10.3
"1234",10,6,7.5,14.4,4.5,3.9,1,5.8,1.1
"1235",4.9,10.1,3.8,9.5,5.6,10.2,7.2,3.6,3.4
"1236",7.3,6.8,7.5,21.8,4.3,7.9,1,7.4,1.5
"1237",6,1.7,4.5,7.8,9.2,2.3,1,1.1,1
"1238",3.9,13.2,2.7,9.1,10.1,3,1.6,2.7,1.1
"1239",7.9,2.1,11.4,6,7.3,14.2,1,1.2,1
"1240",6.1,4.3,8.7,15.3,2.4,3.8,1.6,1.2,1.2
"1241",7,1.6,10.1,9.2,4.4,1.2,5.2,2.3,1.2
"1243",5.9,3.1,5.9,6.8,9.3,17.6,1,10,1
"1244",6.3,2.8,4.8,9.1,7.8,1.9,1,2.4,1
"1245",6.3,7.2,10.8,6.9,3.6,4.5,4.4,6.7,1.1
"1246",3.7,1.4,2.8,8.4,12.1,9.5,1,50.5,2.4
"1247",4.4,2,4.5,10.2,12.6,6.4,1,25.5,2.6
"1248",4.3,1.3,10.1,12,34.2,1.4,1,2,1.1
"1249",6.6,7.5,3.5,6.9,5.9,3.4,1,2.3,3.5
"1252",4.8,6.6,2,5.2,25.3,3.8,1.1,4.2,1.1
"1254",3.7,1.5,13.1,10.5,26,1.4,1,10.9,2.1
"1256",5.3,4.5,4.6,7.8,10.6,16.4,1.2,2.1,1.1
"1257",8.1,3.1,7.4,9.5,4.8,15.7,1.1,1.6,1.3
"1258",8.1,3,5.8,8.3,3.7,3.4,1.1,1.1,1.1
"1259",5.9,1,6.3,12.4,5.1,2.6,1,1.2,1.3
"1260",4.2,2.5,6.4,10.6,4.5,24.4,1,3.9,1
"1262",6.8,2.3,8.3,15.4,5,3,2.1,3.6,6.1
"1263",3.4,9.3,3.8,13.2,23.7,6.8,1.5,2.7,1.1
"1264",4.9,2.7,3.9,7.2,30.5,1.1,1,5.7,1
"1265",4.2,8.7,4.7,23,6.5,6.5,1.2,6.6,4.1
"1266",8.3,1.4,2.7,7.1,7.6,1.2,1,25.9,1
"1267",5.9,15.3,2.3,9.5,6.8,5.5,1.2,4.5,1
"1268",6.5,2,3.3,7.9,6.5,5.9,1,1.3,4.4
"1269",6.3,6.4,2.3,7.6,6.5,3.2,1,10.2,2.3
"1270",5.8,2,3.5,7.8,11.7,7.9,1.1,45,1.4
"1271",7.5,3.2,4.5,16.1,8.2,2.7,1,5.2,3.1
"1272",5.7,10.1,3.2,8.6,11.6,5.6,1.1,7.7,5.6
"1273",5.7,1.4,4.4,9.8,17.2,1.2,1.1,1.2,1.1
"1277",4.5,6.6,3.9,5.6,2.1,13.6,1.3,7.6,1
"1279",5,1.5,1.7,7.7,41.1,1.4,1,5.8,2.5
"1280",4,12.2,1.9,4.7,6.5,1.1,1.2,1.1,8.4
"1282",6.9,7.8,3.8,6.7,10.5,2.4,1.2,2.2,4.1
"1283",4.3,10.5,2.1,10.3,9.5,1.6,4.9,5.3,18.4
"1284",6.6,7,3.4,4.2,10.3,6.6,1.6,8.1,1.3
"1285",4.1,2.6,12,8.6,10.1,24.9,1,6.2,1
"1286",7.1,1.3,3.5,9.9,7.7,2,1,4.8,5.3
"1287",5.4,1.3,2.6,8.6,17.5,1.7,1,4.1,1
"1289",4.5,9.2,1.8,7.9,14.1,10.5,1.2,6.2,2.2
"1290",8.3,1.1,6.8,12.4,22.2,8.5,1,4.1,1
"1292",5.4,2.4,4.2,13.6,29.3,1.5,1,13.9,1
"1293",4.3,3.8,1.4,7.4,13.4,4.4,1.1,2.9,1.1
"1294",5.2,3.3,4.4,20.2,9.3,16.4,1,2.3,1.2
"1295",3.7,4.8,2.3,7.9,2.8,13.8,1.1,9.8,1.1
"1296",4.6,4.7,2,8.1,32.9,1.7,1.1,2.1,1
"1297",6.2,2.7,6.7,7.4,4.5,4.6,1,1.2,1
"1298",5.4,4.5,6.4,7.3,21.4,4.7,1,2,1
"1299",5,4.3,6.5,4.2,10.1,5.9,1,13.9,1
"1300",7,3.7,13.1,7.5,12.2,1.7,8.1,2.1,3.8
"1301",3.8,3.8,2.3,8.5,4.9,2.4,1.1,27.7,1
"1302",3.9,2.2,2.6,4.7,16.2,2.2,5.7,1.8,1.2
"1303",6.8,2.4,3.8,7.5,4.1,1.8,1.5,5.1,1.1
"1304",9.8,1.3,8.5,12.7,3.6,3.9,1,1.2,1.1
"1305",6.2,8.6,3.1,8.5,3.4,6.1,1.6,1.5,1.7
"1306",5.7,5.6,5.5,20.9,3.6,8.4,1.1,7.4,4.9
"1307",6.3,2.1,4.3,6.5,4.1,1.6,21.4,2,13.9
"1308",5,3.7,4.8,8,7.3,1.7,2.8,2.7,1.1
"1311",8,3.4,13,6.2,3.8,9,3,8,1.1
"1312",4,1.2,1.9,8.8,24.9,1.5,1,38.9,1.5
"1314",4,2,1.3,7.9,18.4,2.4,1.2,52.9,3.5
"1315",7,1.3,4.2,12.5,14.7,3,1,2.8,1
"1316",6,3.3,3.8,7.9,6,2.4,3.4,2,1.6
"1317",6.2,4.5,6.1,12.6,5.2,10.2,1.1,9.3,3.9
"1319",8.9,2.9,5.4,7.8,3.1,14.2,1,1.8,1
"1321",7.7,1.5,2.9,7.7,4.4,2.7,1,2.9,7.7
"1322",4.9,2,2.8,8.3,9.7,12.2,1,2,1.2
"1324",4.9,5.8,3.4,4.1,7,13.8,4.4,2.8,1.2
"1327",4.9,4.3,5.4,6.8,4,2.2,1,1.1,11
"1329",7.9,3,3,8.7,5.9,6,1.1,1.4,1.2
"1330",9.7,8.5,4.4,9,3.6,6.6,9.4,1.2,2.1
"1331",7.1,1.6,4.5,10.6,12.6,22.8,1.1,2.5,1
"1332",5.1,1.4,5.4,7.3,9.4,3,1,1.1,6.7
"1333",6.9,2.1,5.2,8.4,6.8,3.4,1,1.8,1.8
"1334",6.5,1.1,8,13.7,3.2,4.9,1,2.3,1.2
"1335",6.4,1.2,10.2,17.1,4.5,8.4,1,1,1.6
"1337",10.4,3.5,6.8,8.5,7.8,7.2,4.6,1.8,6.3
"1338",8.6,3.8,4.2,4.1,2.9,9.7,1.4,1.4,1.1
"1339",9.5,1.8,4,4.5,5.3,23.6,1,1.1,1
"1340",6.6,2.2,14.6,8.4,12.9,7.6,1.1,2,3.5
"1343",7.7,1.6,2.4,14.8,1.1,6.8,1.1,1,1
"1344",6.8,1.6,8.7,9.8,14.6,1.4,1,1.8,1
"1347",11.5,2.3,3.2,5.1,7.5,1.6,1.3,4.7,4.6
"1349",11.7,2.7,5.8,2.7,2.2,1.5,1.1,1.1,3.2
"1350",5,1.2,4.5,8,16.1,4.5,1,3.1,1.4
"1351",6.2,1.3,9.2,8.5,1.8,3.9,1,1.3,2
"1354",9.4,2.6,4,7.6,17.6,3.8,5.7,1.2,2.4
"1355",9.1,3.1,2.4,8.1,8.9,5.4,4.3,1.5,4.4
"1358",6.5,5.2,1.6,9.6,15.8,2.6,3.4,1.2,17.8
"1359",5,8.7,2.3,4.4,13.3,2.9,1.1,1.8,1.8
"1360",7.3,5.8,3.1,4.3,7.7,1.4,3.2,1.3,24.8
"1361",10,3.7,2.3,7.6,11.7,5.3,10.1,1.1,4.1
"1362",3.5,1.9,7.6,37,10.6,5.1,1,1,1
"1363",5.7,6.3,2.3,8.5,1.5,8.4,1.4,6.4,1.1
"1364",10.4,1.7,3.8,7.6,2,2.3,1,1.2,1.8
"1365",6.3,1.4,2.5,7.4,2.8,36.6,1,2,1
"1366",9.6,1.4,3.1,7.9,11,14.6,1,1.7,3.4
"1367",7.6,1.3,6.2,9.2,21,9.8,1,2.4,5.3
"1368",9.6,2.6,6.3,8.2,4.8,1.6,1.1,5.2,1.1
"1371",6.1,1.9,2.5,15.5,17.3,2.2,1,1.8,1
"1372",8.9,2.2,3.4,7.1,1.8,25.5,1,30.8,1.1
"1373",3.1,4,2.2,22,1.6,3.7,17.6,2.6,2.7
"1374",11.9,3,2.4,15.2,3,9.9,14.6,1.5,1.9
"1375",6,1.9,2.9,4.2,9.2,9,1,6.7,1
"1376",6,5.4,6.2,9.2,9.8,3.5,1.2,5.7,4.3
"1377",3.6,1.9,6.3,9.7,13.2,1.1,1.6,1,2.6
"1378",4.4,1.4,6,9.3,15.9,1.3,1.4,1.1,1
"1382",3.8,2.7,1.8,14.8,10.2,7.4,1,32.8,1.1
"1384",3.3,1.4,8.5,8.8,30.6,4.7,1,1.1,1
"1386",6.2,2.3,5.2,12.7,23.6,3.1,1.2,6.6,1.1
"1388",2.5,9.2,2.6,8.3,11.8,1.3,1,1.7,3.5
"1391",6,4.1,1,7.7,19.9,18.6,1.8,12.3,1.2
"1393",7.8,2,9.9,10.8,14.9,1,2.2,1.3,2.2
"1394",5.9,4.3,2.7,10.1,17.1,2.6,5.7,1.9,2.6
"1397",6.8,2.8,4.4,17.2,24.9,3.1,1,6,1
"1399",5.3,3.3,4.3,8.3,17.2,3.3,11.5,3.3,1.4
"1401",5.9,3.9,2.5,11,4.2,1.5,5.9,2.1,1.4
"1402",2.2,3.4,3.7,10.8,34.3,4.2,1,7.2,1
"1403",6,3.5,10.8,6.3,24.2,2,4.3,2.7,1.3
"1405",5.7,6.4,8.7,6.4,3.5,1.5,17.9,2.8,1.2
"1406",5.9,1.3,2.3,6.6,19.9,3.4,1,25.6,1.4
"1407",9.6,1.4,2.8,7.8,8,15.4,1,1.8,1
"1409",5.4,10.6,5.4,7.9,7.4,7,1,9.6,1
"1410",6.6,2.4,3.8,2.8,2.9,1.2,15.3,2.4,7.7
"1411",8,1.4,5,12.4,8.4,5.3,1,2.1,1
"1412",5.2,2.8,3.8,7.5,3.4,1.2,1.9,1.1,1
"1413",5,2.4,6.7,7.6,4.3,3.8,2,1.8,1
"1414",4.9,3.9,2,9.4,2.8,2.7,2.3,3.6,4.3
"1417",4.4,2.5,2.8,6.9,4.5,2.1,3.8,5,13.9
"1424",3.6,1.4,1.6,8.7,17.6,1.9,1.1,3.8,1.5
"1427",5.2,1.4,4.9,7.3,7.5,1.3,1,3.4,1
"1428",6.1,1.1,1.6,7.6,9.3,2.9,1,3.6,1.2
"1430",4.9,2,3.3,9.6,6.4,2.4,1,1.2,1
"1432",4.3,4.2,2.7,5.6,6,1.9,1.4,1.4,1
"1434",3.7,3.1,3,7.5,2.8,1.7,1.3,12.6,1
"1436",4.7,1.8,6,8.3,4.3,4,1,4,2.2
"1438",5.3,1.7,2.3,7.5,7.9,9.9,1,1.3,1
"1439",4.1,1.2,2.7,9.4,3.2,1.9,1,1.6,1
"1444",3.2,7.6,4.2,6.2,3.1,2.9,1,1.5,1
"1445",5.6,1.3,3.9,5,6.5,3.6,1,9.6,1.1
"1446",5.5,2.9,2.2,8.5,4.9,11.1,1.9,1.4,1.7
"1447",4.9,2.4,2.9,6,5.2,5.4,1,1.6,1
"1448",6.2,2.4,2.4,3.9,5.5,1.6,1.3,1.4,1.2
"1449",5.6,2.4,1.5,3.9,5,2.3,1,1.1,1
"1450",4,1.6,2.2,4,13,3.2,1.1,1.1,3.8
"1452",6.4,1.5,4.9,7.9,5.2,3.2,1,1.3,1.6
"1453",3.7,2.6,2.4,4.1,8.6,5.5,1.2,1.1,1.4
"1454",3.9,1.3,4.2,14.4,2.9,6.9,1,1.3,1
"1455",4.8,1.7,3.2,4.1,3.2,4.2,1,1.9,1
"1457",6.3,2.3,2.3,6.1,4.4,3.3,1.1,1.5,1.1
"1458",6.3,1.3,4.8,7.3,5.8,2.2,1,1.5,1.1
"1459",3.9,7.3,2,7.7,3,4.7,1,1.3,1.2
"1460",3.8,1.3,2.9,8,6.7,8.7,1,1.6,1
"1461",4,1.8,1.7,8.2,4.5,3.7,1,1.5,1
"1463",4.2,1.3,4.6,6.4,2.7,6.4,1,1.3,1
"1464",3.7,1,13.3,4.2,4.6,1.2,1,1.3,1
"1468",7.4,1.8,2.2,5.1,3.2,3.1,1,1.8,1
"1471",6,1.5,3,6.1,3.7,7,1,1.7,1
"1472",5.1,1.6,2.8,9.5,1.2,9.3,1,1.3,3.9
"1473",2.6,2.5,5.4,9,2.8,8.3,1,6.6,1
"1474",4,1.9,7.1,6.7,3.3,1.4,1,1,1
"1476",3.5,3.5,2.5,3.8,13.4,2.2,1.1,1.3,3.4
"1477",4.1,3.1,2.7,3.8,8.7,2.7,3.3,1.1,1.4
"1478",3.6,4.2,1.6,3.8,7.1,3.7,1.5,1.3,1.4
"1479",3.6,3.5,1.9,3.8,12.6,2.2,1.8,1.3,10.9
"1481",3.4,2.5,1.8,3.8,6.7,2.8,1.9,1.1,6.4
"1483",6.9,1.4,3.9,6.1,4.9,2.1,1,1.1,1.1
"1485",5.3,1.1,2.4,7.1,7.8,6.5,1,1.1,1.4
"1489",4,3.6,2.4,9.2,10.3,1,2.7,1.1,1
"1493",5,1.7,2,5.9,3.6,1.6,1.8,7,2.2
"1495",4,3.6,3.4,8.5,8.6,1.2,1.3,2.9,1
